NORAD ID,Signal,Frequency(MHz),Modulation,P(dBW),G(dBi)
22877,L1:P(Y),1575.42,BPSK(10),13.5,13.5
22877,L1:C/A,1575.42,BPSK(1),16.5,13.5
22877,L1:L1C-D,1575.42,"TMBOC(6,1,4/33)",10.0,10.0
22877,L1:M-D,1575.42,"BOC(10,5)",18.2,13.5
22877,L2:P(Y),1227.6,BPSK(10),10.0,10.0
22877,L2:L2CM,1227.6,BPSK(1),10.0,10.0
22877,L2:M-D,1227.6,"BOC(10,5)",16.0,13.5
22877,L5:L5I,1176.45,BPSK(10),18.0,18.0
25933,L1:P(Y),1575.42,BPSK(10),13.5,13.5
25933,L1:C/A,1575.42,BPSK(1),16.5,13.5
25933,L1:L1C-D,1575.42,"TMBOC(6,1,4/33)",10.0,10.0
25933,L1:M-D,1575.42,"BOC(10,5)",18.2,13.5
25933,L2:P(Y),1227.6,BPSK(10),10.0,10.0
25933,L2:L2CM,1227.6,BPSK(1),10.0,10.0
25933,L2:M-D,1227.6,"BOC(10,5)",16.0,13.5
25933,L5:L5I,1176.45,BPSK(10),18.0,18.0
26605,L1:P(Y),1575.42,BPSK(10),13.5,13.5
26605,L1:C/A,1575.42,BPSK(1),16.5,13.5
26605,L1:L1C-D,1575.42,"TMBOC(6,1,4/33)",10.0,10.0
26605,L1:M-D,1575.42,"BOC(10,5)",18.2,13.5
26605,L2:P(Y),1227.6,BPSK(10),10.0,10.0
26605,L2:L2CM,1227.6,BPSK(1),10.0,10.0
26605,L2:M-D,1227.6,"BOC(10,5)",16.0,13.5
26605,L5:L5I,1176.45,BPSK(10),18.0,18.0
27663,L1:P(Y),1575.42,BPSK(10),13.5,13.5
27663,L1:C/A,1575.42,BPSK(1),16.5,13.5
27663,L1:L1C-D,1575.42,"TMBOC(6,1,4/33)",10.0,10.0
27663,L1:M-D,1575.42,"BOC(10,5)",18.2,13.5
27663,L2:P(Y),1227.6,BPSK(10),10.0,10.0
27663,L2:L2CM,1227.6,BPSK(1),10.0,10.0
27663,L2:M-D,1227.6,"BOC(10,5)",16.0,13.5
27663,L5:L5I,1176.45,BPSK(10),18.0,18.0
28129,L1:P(Y),1575.42,BPSK(10),13.5,13.5
28129,L1:C/A,1575.42,BPSK(1),16.5,13.5
28129,L1:L1C-D,1575.42,"TMBOC(6,1,4/33)",10.0,10.0
28129,L1:M-D,1575.42,"BOC(10,5)",18.2,13.5
28129,L2:P(Y),1227.6,BPSK(10),10.0,10.0
28129,L2:L2CM,1227.6,BPSK(1),10.0,10.0
28129,L2:M-D,1227.6,"BOC(10,5)",16.0,13.5
28129,L5:L5I,1176.45,BPSK(10),18.0,18.0
28361,L1:P(Y),1575.42,BPSK(10),13.5,13.5
28361,L1:C/A,1575.42,BPSK(1),16.5,13.5
28361,L1:L1C-D,1575.42,"TMBOC(6,1,4/33)",10.0,10.0
28361,L1:M-D,1575.42,"BOC(10,5)",18.2,13.5
28361,L2:P(Y),1227.6,BPSK(10),10.0,10.0
28361,L2:L2CM,1227.6,BPSK(1),10.0,10.0
28361,L2:M-D,1227.6,"BOC(10,5)",16.0,13.5
28361,L5:L5I,1176.45,BPSK(10),18.0,18.0
29486,L1:P(Y),1575.42,BPSK(10),13.5,13.5
29486,L1:C/A,1575.42,BPSK(1),16.5,13.5
29486,L1:L1C-D,1575.42,"TMBOC(6,1,4/33)",10.0,10.0
29486,L1:M-D,1575.42,"BOC(10,5)",18.2,13.5
29486,L2:P(Y),1227.6,BPSK(10),10.0,10.0
29486,L2:L2CM,1227.6,BPSK(1),10.0,10.0
29486,L2:M-D,1227.6,"BOC(10,5)",16.0,13.5
29486,L5:L5I,1176.45,BPSK(10),18.0,18.0
32711,L1:P(Y),1575.42,BPSK(10),13.5,13.5
32711,L1:C/A,1575.42,BPSK(1),16.5,13.5
32711,L1:L1C-D,1575.42,"TMBOC(6,1,4/33)",10.0,10.0
32711,L1:M-D,1575.42,"BOC(10,5)",18.2,13.5
32711,L2:P(Y),1227.6,BPSK(10),10.0,10.0
32711,L2:L2CM,1227.6,BPSK(1),10.0,10.0
32711,L2:M-D,1227.6,"BOC(10,5)",16.0,13.5
32711,L5:L5I,1176.45,BPSK(10),18.0,18.0
39166,L1:P(Y),1575.42,BPSK(10),13.5,13.5
39166,L1:C/A,1575.42,BPSK(1),16.5,13.5
39166,L1:L1C-D,1575.42,"TMBOC(6,1,4/33)",10.0,10.0
39166,L1:M-D,1575.42,"BOC(10,5)",18.2,13.5
39166,L2:P(Y),1227.6,BPSK(10),10.0,10.0
39166,L2:L2CM,1227.6,BPSK(1),10.0,10.0
39166,L2:M-D,1227.6,"BOC(10,5)",16.0,13.5
39166,L5:L5I,1176.45,BPSK(10),18.0,18.0
40105,L1:P(Y),1575.42,BPSK(10),13.5,13.5
40105,L1:C/A,1575.42,BPSK(1),16.5,13.5
40105,L1:L1C-D,1575.42,"TMBOC(6,1,4/33)",10.0,10.0
40105,L1:M-D,1575.42,"BOC(10,5)",18.2,13.5
40105,L2:P(Y),1227.6,BPSK(10),10.0,10.0
40105,L2:L2CM,1227.6,BPSK(1),10.0,10.0
40105,L2:M-D,1227.6,"BOC(10,5)",16.0,13.5
40105,L5:L5I,1176.45,BPSK(10),18.0,18.0
40294,L1:P(Y),1575.42,BPSK(10),13.5,13.5
40294,L1:C/A,1575.42,BPSK(1),16.5,13.5
40294,L1:L1C-D,1575.42,"TMBOC(6,1,4/33)",10.0,10.0
40294,L1:M-D,1575.42,"BOC(10,5)",18.2,13.5
40294,L2:P(Y),1227.6,BPSK(10),10.0,10.0
40294,L2:L2CM,1227.6,BPSK(1),10.0,10.0
40294,L2:M-D,1227.6,"BOC(10,5)",16.0,13.5
40294,L5:L5I,1176.45,BPSK(10),18.0,18.0
40534,L1:P(Y),1575.42,BPSK(10),13.5,13.5
40534,L1:C/A,1575.42,BPSK(1),16.5,13.5
40534,L1:L1C-D,1575.42,"TMBOC(6,1,4/33)",10.0,10.0
40534,L1:M-D,1575.42,"BOC(10,5)",18.2,13.5
40534,L2:P(Y),1227.6,BPSK(10),10.0,10.0
40534,L2:L2CM,1227.6,BPSK(1),10.0,10.0
40534,L2:M-D,1227.6,"BOC(10,5)",16.0,13.5
40534,L5:L5I,1176.45,BPSK(10),18.0,18.0
40730,L1:P(Y),1575.42,BPSK(10),13.5,13.5
40730,L1:C/A,1575.42,BPSK(1),16.5,13.5
40730,L1:L1C-D,1575.42,"TMBOC(6,1,4/33)",10.0,10.0
40730,L1:M-D,1575.42,"BOC(10,5)",18.2,13.5
40730,L2:P(Y),1227.6,BPSK(10),10.0,10.0
40730,L2:L2CM,1227.6,BPSK(1),10.0,10.0
40730,L2:M-D,1227.6,"BOC(10,5)",16.0,13.5
40730,L5:L5I,1176.45,BPSK(10),18.0,18.0
41328,L1:P(Y),1575.42,BPSK(10),13.5,13.5
41328,L1:C/A,1575.42,BPSK(1),16.5,13.5
41328,L1:L1C-D,1575.42,"TMBOC(6,1,4/33)",10.0,10.0
41328,L1:M-D,1575.42,"BOC(10,5)",18.2,13.5
41328,L2:P(Y),1227.6,BPSK(10),10.0,10.0
41328,L2:L2CM,1227.6,BPSK(1),10.0,10.0
41328,L2:M-D,1227.6,"BOC(10,5)",16.0,13.5
41328,L5:L5I,1176.45,BPSK(10),18.0,18.0
37846,E1:OS-D(B),1575.42,"CBOC(6,1,1/11)",10.0,10.0
37846,E6:CS-P(C),1278.75,BPSK(5),16.0,15.0
37846,E6:PRS(A),1278.75,"BOCcos(10,5)",18.0,16.0
37846,E5ab:PRS(A),1191.795,"AltBOC(15,10)",10.0,10.0
37846,E5a:E5a-D,1176.45,"AltBOC(15,10)",6.0,6.0
37847,E1:OS-D(B),1575.42,"CBOC(6,1,1/11)",10.0,10.0
37847,E6:CS-P(C),1278.75,BPSK(5),16.0,15.0
37847,E6:PRS(A),1278.75,"BOCcos(10,5)",18.0,16.0
37847,E5ab:PRS(A),1191.795,"AltBOC(15,10)",10.0,10.0
37847,E5a:E5a-D,1176.45,"AltBOC(15,10)",6.0,6.0
40128,E1:OS-D(B),1575.42,"CBOC(6,1,1/11)",10.0,10.0
40128,E6:CS-P(C),1278.75,BPSK(5),16.0,15.0
40128,E6:PRS(A),1278.75,"BOCcos(10,5)",18.0,16.0
40128,E5ab:PRS(A),1191.795,"AltBOC(15,10)",10.0,10.0
40128,E5a:E5a-D,1176.45,"AltBOC(15,10)",6.0,6.0
40889,E1:OS-D(B),1575.42,"CBOC(6,1,1/11)",10.0,10.0
40889,E6:CS-P(C),1278.75,BPSK(5),16.0,15.0
40889,E6:PRS(A),1278.75,"BOCcos(10,5)",18.0,16.0
40889,E5ab:PRS(A),1191.795,"AltBOC(15,10)",10.0,10.0
40889,E5a:E5a-D,1176.45,"AltBOC(15,10)",6.0,6.0
41174,E1:OS-D(B),1575.42,"CBOC(6,1,1/11)",10.0,10.0
41174,E6:CS-P(C),1278.75,BPSK(5),16.0,15.0
41174,E6:PRS(A),1278.75,"BOCcos(10,5)",18.0,16.0
41174,E5ab:PRS(A),1191.795,"AltBOC(15,10)",10.0,10.0
41174,E5a:E5a-D,1176.45,"AltBOC(15,10)",6.0,6.0
41860,E1:OS-D(B),1575.42,"CBOC(6,1,1/11)",10.0,10.0
41860,E6:CS-P(C),1278.75,BPSK(5),16.0,15.0
41860,E6:PRS(A),1278.75,"BOCcos(10,5)",18.0,16.0
41860,E5ab:PRS(A),1191.795,"AltBOC(15,10)",10.0,10.0
41860,E5a:E5a-D,1176.45,"AltBOC(15,10)",6.0,6.0
41861,E1:OS-D(B),1575.42,"CBOC(6,1,1/11)",10.0,10.0
41861,E6:CS-P(C),1278.75,BPSK(5),16.0,15.0
41861,E6:PRS(A),1278.75,"BOCcos(10,5)",18.0,16.0
41861,E5ab:PRS(A),1191.795,"AltBOC(15,10)",10.0,10.0
41861,E5a:E5a-D,1176.45,"AltBOC(15,10)",6.0,6.0
41862,E1:OS-D(B),1575.42,"CBOC(6,1,1/11)",10.0,10.0
41862,E6:CS-P(C),1278.75,BPSK(5),16.0,15.0
41862,E6:PRS(A),1278.75,"BOCcos(10,5)",18.0,16.0
41862,E5ab:PRS(A),1191.795,"AltBOC(15,10)",10.0,10.0
41862,E5a:E5a-D,1176.45,"AltBOC(15,10)",6.0,6.0
43056,E1:OS-D(B),1575.42,"CBOC(6,1,1/11)",10.0,10.0
43056,E6:CS-P(C),1278.75,BPSK(5),16.0,15.0
43056,E6:PRS(A),1278.75,"BOCcos(10,5)",18.0,16.0
43056,E5ab:PRS(A),1191.795,"AltBOC(15,10)",10.0,10.0
43056,E5a:E5a-D,1176.45,"AltBOC(15,10)",6.0,6.0
43058,E1:OS-D(B),1575.42,"CBOC(6,1,1/11)",10.0,10.0
43058,E6:CS-P(C),1278.75,BPSK(5),16.0,15.0
43058,E6:PRS(A),1278.75,"BOCcos(10,5)",18.0,16.0
43058,E5ab:PRS(A),1191.795,"AltBOC(15,10)",10.0,10.0
43058,E5a:E5a-D,1176.45,"AltBOC(15,10)",6.0,6.0
43565,E1:OS-D(B),1575.42,"CBOC(6,1,1/11)",10.0,10.0
43565,E6:CS-P(C),1278.75,BPSK(5),16.0,15.0
43565,E6:PRS(A),1278.75,"BOCcos(10,5)",18.0,16.0
43565,E5ab:PRS(A),1191.795,"AltBOC(15,10)",10.0,10.0
43565,E5a:E5a-D,1176.45,"AltBOC(15,10)",6.0,6.0
36590,B1-2:RS,1561.098,BPSK(2),10.0,10.0
36590,B3:RS,1268.52,BPSK(10),16.0,16.0
36590,B2b:OS,1207.14,BPSK(2),14.0,12.0
36590,B2b:RS,1207.14,BPSK(10),18.0,18.0
36590,B1-2:OS,1561.098,BPSK(2),10.0,10.0
36590,B1:B1C-Dl,1575.42,"TMBOC(6,1,4/33)",10.0,10.0
36590,B3:B3C-Dm,1268.52,BPSK(10),15.0,13.5
36590,B3:B3A-Dm,1268.52,"BOC(15,2.5)",10.0,10.0
38091,B1-2:RS,1561.098,BPSK(2),10.0,10.0
38091,B3:RS,1268.52,BPSK(10),16.0,16.0
38091,B2b:OS,1207.14,BPSK(2),14.0,12.0
38091,B2b:RS,1207.14,BPSK(10),18.0,18.0
38091,B1-2:OS,1561.098,BPSK(2),10.0,10.0
38091,B1:B1C-Dl,1575.42,"TMBOC(6,1,4/33)",10.0,10.0
38091,B3:B3C-Dm,1268.52,BPSK(10),15.0,13.5
38091,B3:B3A-Dm,1268.52,"BOC(15,2.5)",10.0,10.0
38251,B1-2:RS,1561.098,BPSK(2),10.0,10.0
38251,B3:RS,1268.52,BPSK(10),16.0,16.0
38251,B2b:OS,1207.14,BPSK(2),14.0,12.0
38251,B2b:RS,1207.14,BPSK(10),18.0,18.0
38251,B1-2:OS,1561.098,BPSK(2),10.0,10.0
38251,B1:B1C-Dl,1575.42,"TMBOC(6,1,4/33)",10.0,10.0
38251,B3:B3C-Dm,1268.52,BPSK(10),15.0,13.5
38251,B3:B3A-Dm,1268.52,"BOC(15,2.5)",10.0,10.0
38775,B1-2:RS,1561.098,BPSK(2),10.0,10.0
38775,B3:RS,1268.52,BPSK(10),16.0,16.0
38775,B2b:OS,1207.14,BPSK(2),14.0,12.0
38775,B2b:RS,1207.14,BPSK(10),18.0,18.0
38775,B1-2:OS,1561.098,BPSK(2),10.0,10.0
38775,B1:B1C-Dl,1575.42,"TMBOC(6,1,4/33)",10.0,10.0
38775,B3:B3C-Dm,1268.52,BPSK(10),15.0,13.5
38775,B3:B3A-Dm,1268.52,"BOC(15,2.5)",10.0,10.0
40749,B1-2:RS,1561.098,BPSK(2),10.0,10.0
40749,B3:RS,1268.52,BPSK(10),16.0,16.0
40749,B2b:OS,1207.14,BPSK(2),14.0,12.0
40749,B2b:RS,1207.14,BPSK(10),18.0,18.0
40749,B1-2:OS,1561.098,BPSK(2),10.0,10.0
40749,B1:B1C-Dl,1575.42,"TMBOC(6,1,4/33)",10.0,10.0
40749,B3:B3C-Dm,1268.52,BPSK(10),15.0,13.5
40749,B3:B3A-Dm,1268.52,"BOC(15,2.5)",10.0,10.0
43001,B1-2:RS,1561.098,BPSK(2),10.0,10.0
43001,B3:RS,1268.52,BPSK(10),16.0,16.0
43001,B2b:OS,1207.14,BPSK(2),14.0,12.0
43001,B2b:RS,1207.14,BPSK(10),18.0,18.0
43001,B1-2:OS,1561.098,BPSK(2),10.0,10.0
43001,B1:B1C-Dl,1575.42,"TMBOC(6,1,4/33)",10.0,10.0
43001,B3:B3C-Dm,1268.52,BPSK(10),15.0,13.5
43001,B3:B3A-Dm,1268.52,"BOC(15,2.5)",10.0,10.0
43207,B1-2:RS,1561.098,BPSK(2),10.0,10.0
43207,B3:RS,1268.52,BPSK(10),16.0,16.0
43207,B2b:OS,1207.14,BPSK(2),14.0,12.0
43207,B2b:RS,1207.14,BPSK(10),18.0,18.0
43207,B1-2:OS,1561.098,BPSK(2),10.0,10.0
43207,B1:B1C-Dl,1575.42,"TMBOC(6,1,4/33)",10.0,10.0
43207,B3:B3C-Dm,1268.52,BPSK(10),15.0,13.5
43207,B3:B3A-Dm,1268.52,"BOC(15,2.5)",10.0,10.0
43208,B1-2:RS,1561.098,BPSK(2),10.0,10.0
43208,B3:RS,1268.52,BPSK(10),16.0,16.0
43208,B2b:OS,1207.14,BPSK(2),14.0,12.0
43208,B2b:RS,1207.14,BPSK(10),18.0,18.0
43208,B1-2:OS,1561.098,BPSK(2),10.0,10.0
43208,B1:B1C-Dl,1575.42,"TMBOC(6,1,4/33)",10.0,10.0
43208,B3:B3C-Dm,1268.52,BPSK(10),15.0,13.5
43208,B3:B3A-Dm,1268.52,"BOC(15,2.5)",10.0,10.0
43245,B1-2:RS,1561.098,BPSK(2),10.0,10.0
43245,B3:RS,1268.52,BPSK(10),16.0,16.0
43245,B2b:OS,1207.14,BPSK(2),14.0,12.0
43245,B2b:RS,1207.14,BPSK(10),18.0,18.0
43245,B1-2:OS,1561.098,BPSK(2),10.0,10.0
43245,B1:B1C-Dl,1575.42,"TMBOC(6,1,4/33)",10.0,10.0
43245,B3:B3C-Dm,1268.52,BPSK(10),15.0,13.5
43245,B3:B3A-Dm,1268.52,"BOC(15,2.5)",10.0,10.0
43602,B1-2:RS,1561.098,BPSK(2),10.0,10.0
43602,B3:RS,1268.52,BPSK(10),16.0,16.0
43602,B2b:OS,1207.14,BPSK(2),14.0,12.0
43602,B2b:RS,1207.14,BPSK(10),18.0,18.0
43602,B1-2:OS,1561.098,BPSK(2),10.0,10.0
43602,B1:B1C-Dl,1575.42,"TMBOC(6,1,4/33)",10.0,10.0
43602,B3:B3C-Dm,1268.52,BPSK(10),15.0,13.5
43602,B3:B3A-Dm,1268.52,"BOC(15,2.5)",10.0,10.0
43647,B1-2:RS,1561.098,BPSK(2),10.0,10.0
43647,B3:RS,1268.52,BPSK(10),16.0,16.0
43647,B2b:OS,1207.14,BPSK(2),14.0,12.0
43647,B2b:RS,1207.14,BPSK(10),18.0,18.0
43647,B1-2:OS,1561.098,BPSK(2),10.0,10.0
43647,B1:B1C-Dl,1575.42,"TMBOC(6,1,4/33)",10.0,10.0
43647,B3:B3C-Dm,1268.52,BPSK(10),15.0,13.5
43647,B3:B3A-Dm,1268.52,"BOC(15,2.5)",10.0,10.0
43706,B1-2:RS,1561.098,BPSK(2),10.0,10.0
43706,B3:RS,1268.52,BPSK(10),16.0,16.0
43706,B2b:OS,1207.14,BPSK(2),14.0,12.0
43706,B2b:RS,1207.14,BPSK(10),18.0,18.0
43706,B1-2:OS,1561.098,BPSK(2),10.0,10.0
43706,B1:B1C-Dl,1575.42,"TMBOC(6,1,4/33)",10.0,10.0
43706,B3:B3C-Dm,1268.52,BPSK(10),15.0,13.5
43706,B3:B3A-Dm,1268.52,"BOC(15,2.5)",10.0,10.0
39199,L5:SPS,1176.45,BPSK(1),16.0,14.0
39199,L5:RS-D,1176.45,"BOC(5,2)",18.0,16.0
39635,L5:SPS,1176.45,BPSK(1),16.0,14.0
39635,L5:RS-D,1176.45,"BOC(5,2)",18.0,16.0
40269,L5:SPS,1176.45,BPSK(1),16.0,14.0
40269,L5:RS-D,1176.45,"BOC(5,2)",18.0,16.0
41384,L5:SPS,1176.45,BPSK(1),16.0,14.0
41384,L5:RS-D,1176.45,"BOC(5,2)",18.0,16.0
43286,L5:SPS,1176.45,BPSK(1),16.0,14.0
43286,L5:RS-D,1176.45,"BOC(5,2)",18.0,16.0
24307,L1:C/A,1575.42,BPSK(1),13.0,13.5
24307,L5:L5I,1176.45,BPSK(10),18.0,16.0
28899,L1:C/A,1575.42,BPSK(1),13.0,13.5
28899,L5:L5I,1176.45,BPSK(10),18.0,16.0
37605,L1:C/A,1575.42,BPSK(1),13.0,13.5
37605,L5:L5I,1176.45,BPSK(10),18.0,16.0
38652,L1:C/A,1575.42,BPSK(1),13.0,13.5
38652,L5:L5I,1176.45,BPSK(10),18.0,16.0
38779,L1:C/A,1575.42,BPSK(1),13.0,13.5
38779,L5:L5I,1176.45,BPSK(10),18.0,16.0
38977,L1:C/A,1575.42,BPSK(1),13.0,13.5
38977,L5:L5I,1176.45,BPSK(10),18.0,16.0
39617,L1:C/A,1575.42,BPSK(1),13.0,13.5
39617,L5:L5I,1176.45,BPSK(10),18.0,16.0
