NORAD ID,Name 1562857793,Name 1556138397,Name 1554156377,Name 1553966342,Name 1551055211,Satellite,Constellation,Generation,Observations
20959,,,,,,GPS BIIA-10,GPS,IIA,26/11/1990 - 25/01/2016
21552,,,,,,GPS BIIA-11,GPS,IIA,4/07/1991 - 30/9/2011
21890,,,,,,GPS BIIA-12,GPS,IIA,23/02/1992 - 18/12/2009
21930,,,,,,GPS BIIA-13,GPS,IIA,10/04/1992 - 15/08/1997
22014,,,,,,GPS BIIA-14,GPS,IIA,7/07/1992 - 6/01/2015
22108,,,,,,GPS BIIA-15,GPS,IIA,9/09/1992 - 10/08/2011
22231,,,,,,GPS BIIA-16,GPS,IIA,22/11/1992 - 17/03/2008
22275,,,,,,GPS BIIA-17,GPS,IIA,18/12/1992 - 23/10/2007
22446,,,,,,GPS BIIA-18,GPS,IIA,3/02/1993 - 3/12/2002
22581,,,,,,GPS BIIA-19,GPS,IIA,30/03/1993 - 24/10/2005
22657,,,,,,GPS BIIA-20,GPS,IIA,13/05/1993 - 18/03/2016
22700,,,,,,GPS BIIA-21,GPS,IIA,26/06/1993 - 19/05/2014
22779,,,,,,GPS BIIA-22,GPS,IIA,30/08/1993 - 1/05/2013
22877,GPS-BIIA-23-(PRN-18),GPS-BIIA-23-(PRN-18),GPS-BIIA-23-(PRN-18),GPS-BIIA-23-(PRN-18),GPS-BIIA-23-(PRN-18),GPS BIIA-23,GPS,IIA,26/10/1993 - 11/2015 and 3/2018 - 9/10/2019
23027,,,,,,GPS BIIA-24,GPS,IIA,10/03/1994 - 21/02/2014
23833,,,,,,GPS BIIA-25,GPS,IIA,28/03/1996 - 2/08/2014
23953,,,,,,GPS BIIA-26,GPS,IIA,16/07/1996 - 11/03/2016
24320,,,,,,GPS BIIA-27,GPS,IIA,12/09/1996 - 20/07/2011
25030,,,,,,GPS BIIA-28,GPS,IIA,6/11/1997 - 30/10/2014
24876,GPS-BIIR-2-(PRN-13),GPS-BIIR-2-(PRN-13),GPS-BIIR-2-(PRN-13),GPS-BIIR-2-(PRN-13),GPS-BIIR-2-(PRN-13),GPS-BIIR-2,GPS,IIR,23/07/1997 - 24/04/2026
25933,GPS-BIIR-3-(PRN-11),GPS-BIIR-3-(PRN-11),GPS-BIIR-3-(PRN-11),GPS-BIIR-3-(PRN-11),GPS-BIIR-3-(PRN-11),GPS-BIIR-3,GPS,IIR,7/10/1999 - 10/11/2020
26360,GPS-BIIR-4-(PRN-20),GPS-BIIR-4-(PRN-20),GPS-BIIR-4-(PRN-20),GPS-BIIR-4-(PRN-20),GPS-BIIR-4-(PRN-20),GPS-BIIR-4,GPS,IIR,11/05/2000 - 8/01/2026
26407,GPS-BIIR-5-(PRN-28),GPS-BIIR-5-(PRN-28),GPS-BIIR-5-(PRN-28),GPS-BIIR-5-(PRN-28),GPS-BIIR-5-(PRN-28),GPS-BIIR-5,GPS,IIR,16/07/2000 - 
26605,GPS-BIIR-6-(PRN-14),GPS-BIIR-6-(PRN-14),GPS-BIIR-6-(PRN-14),GPS-BIIR-6-(PRN-14),GPS-BIIR-6-(PRN-14),GPS-BIIR-6,GPS,IIR,10/10/2000 - 9/7/2020 and 20/01/2022 - 25/01/2023
26690,,,,,,GPS-BIIR-7,GPS,IIR,30/01/2001 - 5/03/2018
27663,GPS-BIIR-8-(PRN-16),GPS-BIIR-8-(PRN-16),GPS-BIIR-8-(PRN-16),GPS-BIIR-8-(PRN-16),GPS-BIIR-8-(PRN-16),GPS-BIIR-8,GPS,IIR,29/01/2003 - 
27704,GPS-BIIR-9-(PRN-21),GPS-BIIR-9-(PRN-21),GPS-BIIR-9-(PRN-21),GPS-BIIR-9-(PRN-21),GPS-BIIR-9-(PRN-21),GPS-BIIR-9,GPS,IIR,31/03/2003 - 27/01/2025
28129,GPS-BIIR-10-(PRN-22),GPS-BIIR-10-(PRN-22),GPS-BIIR-10-(PRN-22),GPS-BIIR-10-(PRN-22),GPS-BIIR-10-(PRN-22),GPS-BIIR-10,GPS,IIR,21/12/2003 - 18/01/2022
28190,GPS-BIIR-11-(PRN-19),GPS-BIIR-11-(PRN-19),GPS-BIIR-11-(PRN-19),GPS-BIIR-11-(PRN-19),GPS-BIIR-11-(PRN-19),GPS-BIIR-11,GPS,IIR,20/03/2004 - 
28361,GPS-BIIR-12-(PRN-23),GPS-BIIR-12-(PRN-23),GPS-BIIR-12-(PRN-23),GPS-BIIR-12-(PRN-23),GPS-BIIR-12-(PRN-23),GPS-BIIR-12,GPS,IIR,23/06/2004 - 2/03/2020
28474,GPS-BIIR-13-(PRN-02),GPS-BIIR-13-(PRN-02),GPS-BIIR-13-(PRN-02),GPS-BIIR-13-(PRN-02),GPS-BIIR-13-(PRN-02),GPS-BIIR-13,GPS,IIR,6/11/2004 - 
28874,GPS-BIIRM-1-(PRN-17),GPS-BIIRM-1-(PRN-17),GPS-BIIRM-1-(PRN-17),GPS-BIIRM-1-(PRN-17),GPS-BIIRM-1-(PRN-17),GPS-BIIRM-1,GPS,IIRM,26/09/2005 - (M-(D+P) and L2C(M+L) signals were turned on-off continually)
29486,GPS-BIIRM-2-(PRN-31),GPS-BIIRM-2-(PRN-31),GPS-BIIRM-2-(PRN-31),GPS-BIIRM-2-(PRN-31),GPS-BIIRM-2-(PRN-31),GPS-BIIRM-2,GPS,IIRM,25/09/2006 - 
29601,GPS-BIIRM-3-(PRN-12),GPS-BIIRM-3-(PRN-12),GPS-BIIRM-3-(PRN-12),GPS-BIIRM-3-(PRN-12),GPS-BIIRM-3-(PRN-12),GPS-BIIRM-3,GPS,IIRM,17/11/2006 - 
32260,GPS-BIIRM-4-(PRN-15),GPS-BIIRM-4-(PRN-15),GPS-BIIRM-4-(PRN-15),GPS-BIIRM-4-(PRN-15),GPS-BIIRM-4-(PRN-15),GPS-BIIRM-4,GPS,IIRM,17/10/2007 - 
32384,GPS-BIIRM-5-(PRN-29),GPS-BIIRM-5-(PRN-29),GPS-BIIRM-5-(PRN-29),GPS-BIIRM-5-(PRN-29),GPS-BIIRM-5-(PRN-29),GPS-BIIRM-5,GPS,IIRM,20/12/2007 - 
32711,GPS-BIIRM-6-(PRN-07),GPS-BIIRM-6-(PRN-07),GPS-BIIRM-6-(PRN-07),GPS-BIIRM-6-(PRN-07),GPS-BIIRM-6-(PRN-07),GPS-BIIRM-6,GPS,IIRM,15/03/2008 - 
34661,,,,,,GPS-BIIRM-7,GPS,IIRM,24/03/2009 - 06/05/2011 (with L5) and 27/10/2022 - (without L5)
35752,GPS-BIIRM-8-(PRN-05),GPS-BIIRM-8-(PRN-05),GPS-BIIRM-8-(PRN-05),GPS-BIIRM-8-(PRN-05),GPS-BIIRM-8-(PRN-05),GPS-BIIRM-8,GPS,IIRM,17/08/2009 - 
36585,GPS-BIIF-1-(PRN-25),GPS-BIIF-1-(PRN-25),GPS-BIIF-1-(PRN-25),GPS-BIIF-1-(PRN-25),GPS-BIIF-1-(PRN-25),GPS-BIIF-1,GPS,IIF,28/05/2010 - 
37753,GPS-BIIF-2-(PRN-01),GPS-BIIF-2-(PRN-01),GPS-BIIF-2-(PRN-01),GPS-BIIF-2-(PRN-01),GPS-BIIF-2-(PRN-01),GPS-BIIF-2,GPS,IIF,16/07/2011 - 10/08/2023
38833,GPS-BIIF-3-(PRN-24),GPS-BIIF-3-(PRN-24),GPS-BIIF-3-(PRN-24),GPS-BIIF-3-(PRN-24),GPS-BIIF-3-(PRN-24),GPS-BIIF-3,GPS,IIF,4/10/2012 - 
39166,GPS-BIIF-4-(PRN-27),GPS-BIIF-4-(PRN-27),GPS-BIIF-4-(PRN-27),GPS-BIIF-4-(PRN-27),GPS-BIIF-4-(PRN-27),GPS-BIIF-4,GPS,IIF,15/05/2013 - 
39533,GPS-BIIF-5-(PRN-30),GPS-BIIF-5-(PRN-30),GPS-BIIF-5-(PRN-30),GPS-BIIF-5-(PRN-30),GPS-BIIF-5-(PRN-30),GPS-BIIF-5,GPS,IIF,21/02/2014 - 
39741,GPS-BIIF-6-(PRN-06),GPS-BIIF-6-(PRN-06),GPS-BIIF-6-(PRN-06),GPS-BIIF-6-(PRN-06),GPS-BIIF-6-(PRN-06),GPS-BIIF-6,GPS,IIF,17/05/2014 - 
40105,GPS-BIIF-7-(PRN-09),GPS-BIIF-7-(PRN-09),GPS-BIIF-7-(PRN-09),GPS-BIIF-7-(PRN-09),GPS-BIIF-7-(PRN-09),GPS-BIIF-7,GPS,IIF,02/08/2014 - 
40294,GPS-BIIF-8-(PRN-03),GPS-BIIF-8-(PRN-03),GPS-BIIF-8-(PRN-03),GPS-BIIF-8-(PRN-03),GPS-BIIF-8-(PRN-03),GPS-BIIF-8,GPS,IIF,29/10/2014 - 
40534,GPS-BIIF-9-(PRN-26),GPS-BIIF-9-(PRN-26),GPS-BIIF-9-(PRN-26),GPS-BIIF-9-(PRN-26),GPS-BIIF-9-(PRN-26),GPS-BIIF-9,GPS,IIF,25/03/2015 - 
40730,GPS-BIIF-10-(PRN-08),GPS-BIIF-10-(PRN-08),GPS-BIIF-10-(PRN-08),GPS-BIIF-10-(PRN-08),GPS-BIIF-10-(PRN-08),GPS-BIIF-10,GPS,IIF,15/07/2015 - 
41019,GPS-BIIF-11-(PRN-10),GPS-BIIF-11-(PRN-10),GPS-BIIF-11-(PRN-10),GPS-BIIF-11-(PRN-10),GPS-BIIF-11-(PRN-10),GPS-BIIF-11,GPS,IIF,31/10/2015 - 
41328,GPS-BIIF-12-(PRN-32),GPS-BIIF-12-(PRN-32),GPS-BIIF-12-(PRN-32),GPS-BIIF-12-(PRN-32),GPS-BIIF-12-(PRN-32),GPS-BIIF-12,GPS,IIF,5/02/2016 - 
43873,,,,,,GPS BIII-1,GPS,III,23/12/2018 - (but started operating on 01/2020)
44506,,,,,,GPS BIII-2,GPS,III,22/08/2019 - 
45854,,,,,,GPS BIII-3,GPS,III,30/06/2020 - 
46826,,,,,,GPS BIII-4,GPS,III,5/11/2020 - 
48859,,,,,,GPS BIII-5,GPS,III,17/06/2021 - 
55268,,,,,,GPS BIII-6,GPS,III,18/01/2023 - 
62339,,,,,,GPS BIII-7,GPS,III,17/12/2024 - 
64202,,,,,,GPS BIII-8,GPS,III,30/05/2025 - 
67588,,,,,,GPS BIII-9,GPS,III,28/01/2026 - 
68791,,,,,,GPS BIII-10,GPS,III,21/04/2026 - 
28112,,,,,,COSMOS 2404,GLONASS,M,10/12/2003 - 18/06/2009
28509,,,,,,COSMOS 2413,GLONASS,M,26/12/2004 - 22/11/2012
28915,,,,,,COSMOS 2419,GLONASS,M,25/12/2005 - 24/02/2016
28916,,,,,,COSMOS 2418,GLONASS,M,25/12/2005 - 2/11/2009
29670,,,COSMOS-2425-(716),COSMOS-2425-(716),COSMOS-2425-(716),COSMOS 2425,GLONASS,M,25/12/2006 - 20/07/2021 (stopped emitting in 2018 probably)
29671,COSMOS-2426-(717),COSMOS-2426-(717),COSMOS-2426-(717),COSMOS-2426-(717),COSMOS-2426-(717),COSMOS 2426,GLONASS,M,25/12/2006 - 1/08/2019
29672,,,,,,COSMOS 2424,GLONASS,M,25/12/2006 - 26/07/2017
32275,COSMOS-2433-(720),COSMOS-2433-(720),COSMOS-2433-(720),COSMOS-2433-(720),COSMOS-2433-(720),COSMOS 2433,GLONASS,M,26/10/2007 - 
32276,COSMOS-2432-(719),COSMOS-2432-(719),COSMOS-2432-(719),COSMOS-2432-(719),COSMOS-2432-(719),COSMOS 2432,GLONASS,M,26/10/2007 - 
32277,,,,,,COSMOS 2431,GLONASS,M,26/10/2007 - 29/11/2010
32393,COSMOS-2434-(721),COSMOS-2434-(721),COSMOS-2434-(721),COSMOS-2434-(721),COSMOS-2434-(721),COSMOS 2434,GLONASS,M,25/12/2007 - 
32394,,,,,,COSMOS 2435,GLONASS,M,25/12/2007 - 12/10/2011
32395,,COSMOS-2436-(723),COSMOS-2436-(723),COSMOS-2436-(723),COSMOS-2436-(723),COSMOS 2436,GLONASS,M,25/12/2007 - 19/06/2019 (without L2 signal)
33378,,,,,,COSMOS 2442,GLONASS,M,25/09/2008 - 12/02/2014
33379,,,,,,COSMOS 2443,GLONASS,M,25/09/2008 - 8/07/2016
33380,,,,,,COSMOS 2444,GLONASS,M,25/09/2008 - 28/11/2012
33466,,,,,,COSMOS 2447,GLONASS,M,25/12/2008 - 28/11/2012
33467,,,,,,COSMOS 2449,GLONASS,M,25/12/2008 - 9/09/2012
33468,,,,,,COSMOS 2448,GLONASS,M,25/12/2008 - 16/10/2013
36111,COSMOS-2456-(730),COSMOS-2456-(730),COSMOS-2456-(730),COSMOS-2456-(730),COSMOS-2456-(730),COSMOS 2456,GLONASS,M,14/12/2009 - 
36112,COSMOS-2457-(733),COSMOS-2457-(733),COSMOS-2457-(733),COSMOS-2457-(733),COSMOS-2457-(733),COSMOS 2457,GLONASS,M,14/12/2009 - 25/12/2025
36113,,,,,COSMOS-2458-(734),COSMOS 2458,GLONASS,M,14/12/2009 - 6/08/2018
36400,COSMOS-2459-(731),COSMOS-2459-(731),COSMOS-2459-(731),COSMOS-2459-(731),COSMOS-2459-(731),COSMOS 2459,GLONASS,M,1/03/2010 - 10/03/2021
36401,COSMOS-2461-(735),COSMOS-2461-(735),COSMOS-2461-(735),COSMOS-2461-(735),COSMOS-2461-(735),COSMOS 2461,GLONASS,M,1/03/2010 - 10/11/2022
36402,COSMOS-2460-(732),COSMOS-2460-(732),COSMOS-2460-(732),COSMOS-2460-(732),COSMOS-2460-(732),COSMOS 2460,GLONASS,M,1/03/2010 - (without L2 signal)
37139,COSMOS-2464-(736),COSMOS-2464-(736),COSMOS-2464-(736),COSMOS-2464-(736),COSMOS-2464-(736),COSMOS 2464,GLONASS,M,2/09/2010 - 3/12/2022
37140,,,,,,COSMOS 2465,GLONASS,M,2/09/2010 - 21/11/2016
37141,,,,,,COSMOS 2466,GLONASS,M,2/09/2010 - 15/12/2016
37829,COSMOS-2474-(742),COSMOS-2474-(742),COSMOS-2474-(742),COSMOS-2474-(742),COSMOS-2474-(742),COSMOS 2474,GLONASS,M,2/10/2011 - 26/08/2019
37867,COSMOS-2476-(744),COSMOS-2476-(744),COSMOS-2476-(744),COSMOS-2476-(744),COSMOS-2476-(744),COSMOS 2476,GLONASS,M,4/11/2011 - (in maintenance since the 2020s)
37868,COSMOS-2477-(745),COSMOS-2477-(745),COSMOS-2477-(745),COSMOS-2477-(745),COSMOS-2477-(745),COSMOS 2477,GLONASS,M,4/11/2011 - 
37869,COSMOS-2475-(743),COSMOS-2475-(743),COSMOS-2475-(743),COSMOS-2475-(743),COSMOS-2475-(743),COSMOS 2475,GLONASS,M,4/11/2011 - 
37938,,,,,,COSMOS 2478,GLONASS,M,28/11/2011 - 13/04/2015
39155,COSMOS-2485-(747),COSMOS-2485-(747),COSMOS-2485-(747),COSMOS-2485-(747),COSMOS-2485-(747),COSMOS 2485,GLONASS,M,26/04/2013 - 
39620,COSMOS-2492-(754),COSMOS-2492-(754),COSMOS-2492-(754),COSMOS-2492-(754),COSMOS-2492-(754),COSMOS 2492,GLONASS,M,23/03/2014 - 
40001,COSMOS-2500-(755),COSMOS-2500-(755),COSMOS-2500-(755),COSMOS-2500-(755),COSMOS-2500-(755),COSMOS 2500,GLONASS,M+,14/07/2014 - 
41330,COSMOS-2514-(751),COSMOS-2514-(751),COSMOS-2514-(751),COSMOS-2514-(751),COSMOS-2514-(751),COSMOS 2514,GLONASS,M+,7/02/2016 - 
41554,COSMOS-2516-(753),COSMOS-2516-(753),COSMOS-2516-(753),COSMOS-2516-(753),COSMOS-2516-(753),COSMOS 2516,GLONASS,M+,29/05/2016 - 11/2020
42939,COSMOS-2522-(752),COSMOS-2522-(752),COSMOS-2522-(752),COSMOS-2522-(752),COSMOS-2522-(752),COSMOS 2522,GLONASS,M+,22/09/2017 - 
43508,COSMOS-2527-(756),COSMOS-2527-(756),COSMOS-2527-(756),COSMOS-2527-(756),COSMOS-2527-(756),COSMOS 2527,GLONASS,M+,17/06/2018 - 
43687,COSMOS-2529-(757),COSMOS-2529-(757),COSMOS-2529-(757),COSMOS-2529-(757),COSMOS-2529-(757),COSMOS 2529,GLONASS,M+,3/11/2018 - 
44299,COSMOS-2534-(758),,,,,COSMOS 2534,GLONASS,M+,27/05/2019 - 
44850,,,,,,COSMOS 2544,GLONASS,M+,11/12/2019 - 
45358,,,,,,COSMOS 2545,GLONASS,M+,16/03/2020 - 
54377,,,,,,COSMOS 2564,GLONASS,M+,28/11/2022 - 
37372,COSMOS-2471-(701K),COSMOS-2471-(701K),COSMOS-2471-(701K),COSMOS-2471-(701K),COSMOS-2471-(701K),COSMOS 2471,GLONASS,K1,26/02/2011 - 12/11/2021
40315,COSMOS-2501-(702K),COSMOS-2501-(702K),COSMOS-2501-(702K),COSMOS-2501-(702K),COSMOS-2501-(702K),COSMOS 2501,GLONASS,K1,30/11/2014 - 
46805,,,,,,COSMOS 2547,GLONASS,K1+,25/10/2020 - 
52984,,,,,,COSMOS 2557,GLONASS,K1+,7/07/2022 - 
54031,,,,,,COSMOS 2559,GLONASS,K1+,10/10/2022 - 
65590,,,,,,COSMOS 2595,GLONASS,K1+,13/09/2025 - 
57517,,,,,,COSMOS 2569,GLONASS,K2,7/08/2023 - (currently a spare)
63130,,,,,,COSMOS 2584,GLONASS,K2,2/03/2025 - 
37846,GSAT0101-(PRN-E11),GSAT0101-(PRN-E11),GSAT0101-(PRN-E11),GSAT0101-(PRN-E11),GSAT0101-(PRN-E11),GSAT0101,GALILEO,IOV,21/10/2011 - 
37847,GSAT0102-(PRN-E12),GSAT0102-(PRN-E12),GSAT0102-(PRN-E12),GSAT0102-(PRN-E12),GSAT0102-(PRN-E12),GSAT0102,GALILEO,IOV,21/10/2011 - 
38857,GSAT0103-(PRN-E19),GSAT0103-(PRN-E19),GSAT0103-(PRN-E19),GSAT0103-(PRN-E19),GSAT0103-(PRN-E19),GSAT0103,GALILEO,IOV,12/10/2012 - 
38858,GSAT0104-(PRN-E20),GSAT0104-(PRN-E20),GSAT0104-(PRN-E20),GSAT0104-(PRN-E20),GSAT0104-(PRN-E20),GSAT0104,GALILEO,IOV,12/10/2012 - 16/04/2025 (with E5 signals turned off and the rest impacted)
40128,GSAT0201-(PRN-E18),GSAT0201-(PRN-E18),GSAT0201-(PRN-E18),GSAT0201-(PRN-E18),GSAT0201-(PRN-E18),GSAT0201,GALILEO,FOC,22/08/2014 - 18/02/2021
40129,GSAT0202-(PRN-E14),GSAT0202-(PRN-E14),GSAT0202-(PRN-E14),GSAT0202-(PRN-E14),GSAT0202-(PRN-E14),GSAT0202,GALILEO,FOC,22/08/2014 - 18/02/2021
40544,GSAT0203-(PRN-E26),GSAT0203-(PRN-E26),GSAT0203-(PRN-E26),GSAT0203-(PRN-E26),GSAT0203-(PRN-E26),GSAT0203,GALILEO,FOC,27/03/2015 - 
40545,GSAT0204-(PRN-E22),GSAT0204-(PRN-E22),GSAT0204-(PRN-E22),GSAT0204-(PRN-E22),GSAT0204-(PRN-E22),GSAT0204,GALILEO,FOC,27/03/2015 - 8/12/2017 (removed from active service but could still be transmitting)
40889,GSAT0205-(PRN-E24),GSAT0205-(PRN-E24),GSAT0205-(PRN-E24),GSAT0205-(PRN-E24),GSAT0205-(PRN-E24),GSAT0205,GALILEO,FOC,11/09/2015 - 15/12/2025
40890,GSAT0206-(PRN-E30),GSAT0206-(PRN-E30),GSAT0206-(PRN-E30),GSAT0206-(PRN-E30),GSAT0206-(PRN-E30),GSAT0206,GALILEO,FOC,11/09/2015 - 
41174,GSAT0209-(PRN-E09),GSAT0209-(PRN-E09),GSAT0209-(PRN-E09),GSAT0209-(PRN-E09),GSAT0209-(PRN-E09),GSAT0209,GALILEO,FOC,17/11/2016 - 
41175,GSAT0208-(PRN-E08),GSAT0208-(PRN-E08),GSAT0208-(PRN-E08),GSAT0208-(PRN-E08),GSAT0208-(PRN-E08),GSAT0208,GALILEO,FOC,17/12/2015 - 
41549,GSAT0211-(PRN-E02),GSAT0211-(PRN-E02),GSAT0211-(PRN-E02),GSAT0211-(PRN-E02),GSAT0211-(PRN-E02),GSAT0211,GALILEO,FOC,17/12/2015 - 
41550,GSAT0210-(PRN-E01),GSAT0210-(PRN-E01),GSAT0210-(PRN-E01),GSAT0210-(PRN-E01),GSAT0210-(PRN-E01),GSAT0210,GALILEO,FOC,24/05/2016 - 30/04/2023
41859,GSAT0207-(PRN-E07),GSAT0207-(PRN-E07),GSAT0207-(PRN-E07),GSAT0207-(PRN-E07),GSAT0207-(PRN-E07),GSAT0207,GALILEO,FOC,24/05/2016 - 
41860,GSAT0212-(PRN-E03),GSAT0212-(PRN-E03),GSAT0212-(PRN-E03),GSAT0212-(PRN-E03),GSAT0212-(PRN-E03),GSAT0212,GALILEO,FOC,17/11/2016 - 
41861,GSAT0213-(PRN-E04),GSAT0213-(PRN-E04),GSAT0213-(PRN-E04),GSAT0213-(PRN-E04),GSAT0213-(PRN-E04),GSAT0213,GALILEO,FOC,17/11/2016 - 
41862,GSAT0214-(PRN-E05),GSAT0214-(PRN-E05),GSAT0214-(PRN-E05),GSAT0214-(PRN-E05),GSAT0214-(PRN-E05),GSAT0214,GALILEO,FOC,17/11/2016 - 
43055,GSAT0215-(PRN-E21),GSAT0215-(PRN-E21),GSAT0215-(PRN-E21),GSAT0215-(PRN-E21),GSAT0215-(PRN-E21),GSAT0215,GALILEO,FOC,12/12/2017 - 
43056,GSAT0216-(PRN-E25),GSAT0216-(PRN-E25),GSAT0216-(PRN-E25),GSAT0216-(PRN-E25),GSAT0216-(PRN-E25),GSAT0216,GALILEO,FOC,12/12/2017 - 
43057,GSAT0217-(PRN-E27),GSAT0217-(PRN-E27),GSAT0217-(PRN-E27),GSAT0217-(PRN-E27),GSAT0217-(PRN-E27),GSAT0217,GALILEO,FOC,12/12/2017 - 
43058,GSAT0218-(PRN-E31),GSAT0218-(PRN-E31),GSAT0218-(PRN-E31),GSAT0218-(PRN-E31),GSAT0218-(PRN-E31),GSAT0218,GALILEO,FOC,12/12/2017 - 
43564,GSAT0221-(PRN-E15),GSAT0221-(PRN-E15),GSAT0221-(PRN-E15),GSAT0221-(PRN-E15),GSAT0221-(PRN-E15),GSAT0221,GALILEO,FOC,25/07/2018 - 
43565,GSAT0222-(PRN-E33),GSAT0222-(PRN-E33),GSAT0222-(PRN-E33),GSAT0222-(PRN-E33),GSAT0222-(PRN-E33),GSAT0222,GALILEO,FOC,25/07/2018 - 
43566,GSAT0219-(PRN-E36),GSAT0219-(PRN-E36),GSAT0219-(PRN-E36),GSAT0219-(PRN-E36),GSAT0219-(PRN-E36),GSAT0219,GALILEO,FOC,25/07/2018 - 
43567,GSAT0220-(PRN-E13),GSAT0220-(PRN-E13),GSAT0220-(PRN-E13),GSAT0220-(PRN-E13),GSAT0220-(PRN-E13),GSAT0220,GALILEO,FOC,25/07/2018 - 
49809,,,,,,GSAT0223,GALILEO,FOC,5/12/2021 - 
49810,,,,,,GSAT0224,GALILEO,FOC,5/12/2021 - 
59598,,,,,,GSAT0225,GALILEO,FOC,28/04/2024 - 
59600,,,,,,GSAT0226,GALILEO,FOC,28/04/2024 - 
61182,,,,,,GSAT0227,GALILEO,FOC,17/09/2024 - 
61183,,,,,,GSAT0228,GALILEO,FOC,17/09/2024 - 
67160,,,,,,GSAT0229,GALILEO,FOC,17/12/2025 - 
67162,,,,,,GSAT0230,GALILEO,FOC,17/12/2025 - (under commisioning)
31115,,,,,,BEIDOU-2 M1,BEIDOU,BDS-2,13/04/2007 - 2017
34779,,,,,,BEIDOU-2 G2,BEIDOU,BDS-2,14/04/2009 - 01/2022 (but inactive for years before)
36287,BEIDOU-3-(C01),BEIDOU-3,BEIDOU-G1,BEIDOU-G1,BEIDOU-G1,BEIDOU-2 G1,BEIDOU,BDS-2,16/01/2010 - 31/03/2020
36590,,BEIDOU-4,BEIDOU-G3,BEIDOU-G3,BEIDOU-G3,BEIDOU-2 G3,BEIDOU,BDS-2,2/06/2010 - 29/09/2018
36828,BEIDOU-5-(C06),BEIDOU-5,BEIDOU-IGSO-1,BEIDOU-IGSO-1,BEIDOU-IGSO-1,BEIDOU-2 IGSO-1,BEIDOU,BDS-2,31/08/2010 - 
37210,BEIDOU-6-(C04),BEIDOU-6,BEIDOU-G4,BEIDOU-G4,BEIDOU-G4,BEIDOU-2 G4,BEIDOU,BDS-2,31/10/2010 - 
37256,BEIDOU-7-(C07),BEIDOU-7,BEIDOU-IGSO-2,BEIDOU-IGSO-2,BEIDOU-IGSO-2,BEIDOU-2 IGSO-2,BEIDOU,BDS-2,17/12/2010 - 
37384,BEIDOU-8-(C08),BEIDOU-8,BEIDOU-IGSO-3,BEIDOU-IGSO-3,BEIDOU-IGSO-3,BEIDOU-2 IGSO-3,BEIDOU,BDS-2,9/04/2011 - 
37763,BEIDOU-9-(C09),BEIDOU-9,BEIDOU-IGSO-4,BEIDOU-IGSO-4,BEIDOU-IGSO-4,BEIDOU-2 IGSO-4,BEIDOU,BDS-2,26/07/2011 - 
37948,BEIDOU-10-(C10),BEIDOU-10,BEIDOU-IGSO-5,BEIDOU-IGSO-5,BEIDOU-IGSO-5,BEIDOU-2 IGSO-5,BEIDOU,BDS-2,1/12/2011 - 
38091,BEIDOU-11-(C05),BEIDOU-11,BEIDOU-G5,BEIDOU-G5,BEIDOU-G5,BEIDOU-2 G5,BEIDOU,BDS-2,24/02/2012 - 
38250,BEIDOU-12-(C11),BEIDOU-12,BEIDOU-M3,BEIDOU-M3,BEIDOU-M3,BEIDOU-2 M3,BEIDOU,BDS-2,29/04/2012 - 
38251,BEIDOU-13-(C12),BEIDOU-13,BEIDOU-M4,BEIDOU-M4,BEIDOU-M4,BEIDOU-2 M4,BEIDOU,BDS-2,29/04/2012 - 
38774,,,,,,BEIDOU-2 M5,BEIDOU,BDS-2,18/09/2012 - 21/10/2014
38775,BEIDOU-15-(C14),BEIDOU-15,BEIDOU-M6,BEIDOU-M6,BEIDOU-M6,BEIDOU-2 M6,BEIDOU,BDS-2,18/09/2012 - 
38953,BEIDOU-16-(C02),BEIDOU-16,BEIDOU-G6,BEIDOU-G6,BEIDOU-G6,BEIDOU-2 G6,BEIDOU,BDS-2,25/10/2012 - 
41434,BEIDOU-IGSO-6-(C13),BEIDOU-IGSO-6,BEIDOU-IGSO-6,BEIDOU-IGSO-6,BEIDOU-IGSO-6,BEIDOU-2 IGSO-6,BEIDOU,BDS-2,29/03/2016 - 
41586,BEIDOU-2-G7-(C03),BEIDOU-2-G7,BEIDOU-G7,BEIDOU-G7,BEIDOU-G7,BEIDOU-2 G7,BEIDOU,BDS-2,12/07/2016 - 
43539,BEIDOU-IGSO-7-(C16),BEIDOU-IGSO-7,BEIDOU-IGSO-7,BEIDOU-IGSO-7,BEIDOU-IGSO-7,BEIDOU-2 IGSO-7,BEIDOU,BDS-2,9/07/2018 - 
44231,BEIDOU-2-G8,,,,,BEIDOU-2 G8,BEIDOU,BDS-2,17/05/2019 - 
40549,BEIDOU-17-(C31),BEIDOU-17,BEIDOU-I1-S,BEIDOU-I1-S,BEIDOU-I1-S,BEIDOU-3S IGSO-1S,BEIDOU,BDS-3,30/03/2015 - (experimental but active)
40748,BEIDOU-18-(C57),BEIDOU-18,BEIDOU-M1-S,BEIDOU-M1-S,BEIDOU-3-M1S,BEIDOU-3S M1S,BEIDOU,BDS-3,25/07/2015 - (experimental but active)
40749,BEIDOU-19-(C58),BEIDOU-19,BEIDOU-M2-S,BEIDOU-M2-S,BEIDOU-3-M2S,BEIDOU-3S M2S,BEIDOU,BDS-3,25/07/2015 - (experimental but active)
40938,BEIDOU-20-(C18),BEIDOU-20,BEIDOU-I2-S,BEIDOU-I2-S,BEIDOU-I2-S,BEIDOU-3S IGSO-2S,BEIDOU,BDS-3,29/09/2015 - (experimental but active)
41315,,BEIDOU-21,BEIDOU-M3-S,BEIDOU-M3-S,BEIDOU-M3-S,BEIDOU-3S M3S,BEIDOU,BDS-3,1/02/2016 - (probably became inactive early in its life)
43001,BEIDOU-3-M1-(C19),BEIDOU-3-M1,BEIDOU-3-M1,BEIDOU-3-M1,BEIDOU-3-M1,BEIDOU-3 M1,BEIDOU,BDS-3,5/11/2017 - 
43002,BEIDOU-3-M2-(C20),BEIDOU-3-M2,BEIDOU-3-M2,BEIDOU-3-M2,BEIDOU-3-M2,BEIDOU-3 M2,BEIDOU,BDS-3,5/11/2017 - 
43107,BEIDOU-3-M3-(C27),BEIDOU-3-M3,BEIDOU-3-M3,BEIDOU-3-M3,BEIDOU-3-M3,BEIDOU-3 M3,BEIDOU,BDS-3,11/01/2018 - 
43108,BEIDOU-3-M4-(C28),BEIDOU-3-M4,BEIDOU-3-M4,BEIDOU-3-M4,BEIDOU-3-M4,BEIDOU-3 M4,BEIDOU,BDS-3,11/01/2018 - 
43207,BEIDOU-3-M5-(C21),BEIDOU-3-M5,BEIDOU-3-M5,BEIDOU-3-M5,BEIDOU-3-M5,BEIDOU-3 M5,BEIDOU,BDS-3,12/02/2018 - 
43208,BEIDOU-3-M6-(C22),BEIDOU-3-M6,BEIDOU-3-M6,BEIDOU-3-M6,BEIDOU-3-M6,BEIDOU-3 M6,BEIDOU,BDS-3,12/02/2018 - 
43245,BEIDOU-3-M7-(C29),BEIDOU-3-M7,BEIDOU-3-M7,BEIDOU-3-M7,BEIDOU-3-M7,BEIDOU-3 M7,BEIDOU,BDS-3,29/03/2018 - 
43246,BEIDOU-3-M8-(C30),BEIDOU-3-M8,BEIDOU-3-M8,BEIDOU-3-M8,BEIDOU-3-M8,BEIDOU-3 M8,BEIDOU,BDS-3,29/03/2018 - 
43581,BEIDOU-3-M9-(C23),BEIDOU-3-M9,BEIDOU-3-M9,BEIDOU-3-M9,BEIDOU-3-M9,BEIDOU-3 M9,BEIDOU,BDS-3,29/07/2018 - 
43582,BEIDOU-3-M10-(C24),BEIDOU-3-M10,BEIDOU-3-M10,BEIDOU-3-M10,BEIDOU-3-M10,BEIDOU-3 M10,BEIDOU,BDS-3,29/07/2018 - 
43602,BEIDOU-3-M11-(C25),BEIDOU-3-M11,BEIDOU-3-M11,BEIDOU-3-M11,BEIDOU-3-M11,BEIDOU-3 M11,BEIDOU,BDS-3,24/08/2018 - 
43603,BEIDOU-3-M12-(C26),BEIDOU-3-M12,BEIDOU-3-M12,BEIDOU-3-M12,BEIDOU-3-M12,BEIDOU-3 M12,BEIDOU,BDS-3,24/08/2018 - 
43622,BEIDOU-3-M13-(C32),BEIDOU-3-M13,BEIDOU-3-M13,BEIDOU-3-M13,BEIDOU-3-M13,BEIDOU-3 M13,BEIDOU,BDS-3,19/09/2018 - 
43623,BEIDOU-3-M14-(C33),BEIDOU-3-M14,BEIDOU-3-M14,BEIDOU-3-M14,BEIDOU-3-M14,BEIDOU-3 M14,BEIDOU,BDS-3,19/09/2018 - 
43647,BEIDOU-3-M15-(C34),BEIDOU-3-M15,BEIDOU-3-M15,BEIDOU-3-M15,BEIDOU-3-M15,BEIDOU-3 M15,BEIDOU,BDS-3,15/10/2018 - 
43648,BEIDOU-3-M16-(C35),BEIDOU-3-M16,BEIDOU-3-M16,BEIDOU-3-M16,BEIDOU-3-M16,BEIDOU-3 M16,BEIDOU,BDS-3,15/10/2018 - 
43706,BEIDOU-3-M17-(C36),BEIDOU-3-M17,BEIDOU-3-M17,BEIDOU-3-M17,BEIDOU-3-M17,BEIDOU-3 M17,BEIDOU,BDS-3,18/11/2018 - 
43707,BEIDOU-3-M18-(C37),BEIDOU-3-M18,BEIDOU-3-M18,BEIDOU-3-M18,BEIDOU-3-M18,BEIDOU-3 M18,BEIDOU,BDS-3,18/11/2018 - 
44204,BEIDOU-3-IGSO-1-(C38),BEIDOU-3-IGSO-1,,,,BEIDOU-3 IGSO-1,BEIDOU,BDS-3,20/04/2019 - 
44337,BEIDOU-3-IGSO-2,,,,,BEIDOU-3 IGSO-2,BEIDOU,BDS-3,24/07/2019 - 
44542,,,,,,BEIDOU-3 M23,BEIDOU,BDS-3,22/09/2019 - 
44543,,,,,,BEIDOU-3 M24,BEIDOU,BDS-3,22/09/2019 - 
44709,,,,,,BEIDOU-3 IGSO-3,BEIDOU,BDS-3,4/11/2019 - 
44793,,,,,,BEIDOU-3 M21,BEIDOU,BDS-3,23/11/2019 - 
44794,,,,,,BEIDOU-3 M22,BEIDOU,BDS-3,23/11/2019 - 
44864,,,,,,BEIDOU-3 M19,BEIDOU,BDS-3,16/12/2019 - 
44865,,,,,,BEIDOU-3 M20,BEIDOU,BDS-3,16/12/2019 - 
58654,,,,,,BEIDOU-3 M28,BEIDOU,BDS-3,26/12/2023 - 
58655,,,,,,BEIDOU-3 M26,BEIDOU,BDS-3,26/12/2023 - 
61186,,,,,,BEIDOU-3 M25,BEIDOU,BDS-3,19/09/2024 - 
61187,,,,,,BEIDOU-3 M27,BEIDOU,BDS-3,19/09/2024 - 
43683,BEIDOU-3-G1-(C59),BEIDOU-3-G1,BEIDOU-3-G1,BEIDOU-3-G1,BEIDOU-3-G1,BEIDOU-3 G1,BEIDOU,BDS-3(GEO),1/11/2018 - 
45344,,,,,,BEIDOU-3 G2,BEIDOU,BDS-3(GEO),9/03/2020 - 
45807,,,,,,BEIDOU-3 G3,BEIDOU,BDS-3(GEO),23/07/2020 - 
56564,,,,,,BEIDOU-3 G4,BEIDOU,BDS-3(GEO),17/05/2023 - 
37158,QZS-1-(MICHIBIKI-1),QZS-1-(MICHIBIKI-1),QZS-1-(MICHIBIKI-1),QZS-1-(MICHIBIKI-1),QZS-1-(MICHIBIKI-1),QZS-1,QZSS,I,11/10/2010 - 15/10/2023 (L1S and L6 were called L1-SAIF and LEX)
42738,QZS-2-(MICHIBIKI-2),QZS-2-(MICHIBIKI-2),QZS-2-(MICHIBIKI-2),QZS-2-(MICHIBIKI-2),QZS-2-(MICHIBIKI-2),QZS-2,QZSS,II,1/06/2017 - 
42917,QZS-3-(MICHIBIKI-3),QZS-3-(MICHIBIKI-3),QZS-3-(MICHIBIKI-3),QZS-3-(MICHIBIKI-3),QZS-3-(MICHIBIKI-3),QZS-3,QZSS,II,19/08/2017 - 
42965,QZS-4-(MICHIBIKI-4),QZS-4-(MICHIBIKI-4),QZS-4-(MICHIBIKI-4),QZS-4-(MICHIBIKI-4),QZS-4-(MICHIBIKI-4),QZS-4,QZSS,II,10/10/2017 - 
49336,,,,,,QZS-1R,QZSS,II,27/10/2021 - 
62876,,,,,,QZS-6,QZSS,II,2/02/2025 - 
39199,IRNSS-1A,IRNSS-1A,IRNSS-1A,IRNSS-1A,IRNSS-1A,IRNSS-1A,IRNSS,IRNSS-1,1/07/2013 - (partial failure in 2017 but kept sending signals)
39635,IRNSS-1B,IRNSS-1B,IRNSS-1B,IRNSS-1B,IRNSS-1B,IRNSS-1B,IRNSS,IRNSS-1,4/04/2014 - 
40269,IRNSS-1C,IRNSS-1C,IRNSS-1C,IRNSS-1C,IRNSS-1C,IRNSS-1C,IRNSS,IRNSS-1,16/10/2014 - (partial failure around 2020s)
40547,IRNSS-1D,IRNSS-1D,IRNSS-1D,IRNSS-1D,IRNSS-1D,IRNSS-1D,IRNSS,IRNSS-1,28/03/2015 - 2025
41241,IRNSS-1E,IRNSS-1E,IRNSS-1E,IRNSS-1E,IRNSS-1E,IRNSS-1E,IRNSS,IRNSS-1,20/01/2016 - (partial failure around 2020s)
41384,IRNSS-1F,IRNSS-1F,IRNSS-1F,IRNSS-1F,IRNSS-1F,IRNSS-1F,IRNSS,IRNSS-1,10/03/2016 - (partial failure in 2026)
41469,IRNSS-1G,IRNSS-1G,IRNSS-1G,IRNSS-1G,IRNSS-1G,IRNSS-1G,IRNSS,IRNSS-1,28/04/2016 - (partial failure around 2020s)
43286,IRNSS-1I,IRNSS-1I,IRNSS-1I,IRNSS-1I,IRNSS-1I,IRNSS-1I,IRNSS,IRNSS-1,12/04/2018 - 
56759,,,,,,NVS-01,IRNSS,NVS,29/05/2023 - 
62850,,,,,,NVS-02,IRNSS,NVS,29/01/2025 - (highly irregular orbit)
24307,,AOR-E-(EGNOS/PRN-120),AOR-E-(EGNOS/PRN-120),AOR-E-(EGNOS/PRN-120),AOR-E-(EGNOS/PRN-120),EGNOS: Inmarsat-3 F2,SBAS,I,2006 - 1/01/2019
28622,,,,,,MSAS: MTSAT-1R,SBAS,I,28/06/2005 - 12/2015
28899,IOR-W-(EGNOS/PRN-126),IOR-W-(EGNOS/PRN-126),IOR-W-(EGNOS/PRN-126),IOR-W-(EGNOS/PRN-126),IOR-W-(EGNOS/PRN-126),EGNOS: Inmarsat-4 F2,SBAS,I,2015 - 
28937,MTSAT-2-(MSAS/PRN-137),MTSAT-2-(MSAS/PRN-137),MTSAT-2-(MSAS/PRN-137),MTSAT-2-(MSAS/PRN-137),MTSAT-2-(MSAS/PRN-137),MSAS: MTSAT-2,SBAS,I,1/07/2010 - 03/2020
33278,,,,,,WAAS: Inmarsat-4 F3,SBAS,I,11/2010 - 9/11/2017
37951,LUCH-5A-(SDCM/PRN-140),LUCH-5A-(SDCM/PRN-140),LUCH-5A-(SDCM/PRN-140),LUCH-5A-(SDCM/PRN-140),LUCH-5A-(SDCM/PRN-140),SDCM: Luch-5A,SBAS,I,11/12/2011 - (unused)
38977,LUCH-5B-(SDCM/PRN-125),LUCH-5B-(SDCM/PRN-125),LUCH-5B-(SDCM/PRN-125),LUCH-5B-(SDCM/PRN-125),LUCH-5B-(SDCM/PRN-125),SDCM: Luch-5B,SBAS,I,3/11/2012 - 
39727,LUCH-5V-(SDCM/PRN-141),LUCH-5V-(SDCM/PRN-141),LUCH-5V-(SDCM/PRN-141),LUCH-5V-(SDCM/PRN-141),LUCH-5V-(SDCM/PRN-141),SDCM: Luch-5V,SBAS,I,28/04/2014 - 
28868,CRE-(WAAS/PRN-138),CRE-(WAAS/PRN-138),CRE-(WAAS/PRN-138),CRE-(WAAS/PRN-138),CRE-(WAAS/PRN-138),WAAS: Anik F1R,SBAS,II,07/2007 - 17/05/2022
28884,CRW-(WAAS/PRN-135),CRW-(WAAS/PRN-135),CRW-(WAAS/PRN-135),CRW-(WAAS/PRN-135),CRW-(WAAS/PRN-135),WAAS: Galaxy 15,SBAS,II,11/2006 - 25/07/2019
37605,GSAT-8-(GAGAN/PRN-127),GSAT-8-(GAGAN/PRN-127),GSAT-8-(GAGAN/PRN-127),GSAT-8-(GAGAN/PRN-127),GSAT-8-(GAGAN/PRN-127),GAGAN: GSAT-8,SBAS,II,2013 - 
38652,SES-5-(EGNOS/PRN-136),SES-5-(EGNOS/PRN-136),SES-5-(EGNOS/PRN-136),SES-5-(EGNOS/PRN-136),SES-5-(EGNOS/PRN-136),EGNOS: SES-5,SBAS,II,2015 - 
38779,GSAT-10-(GAGAN/PRN-128),GSAT-10-(GAGAN/PRN-128),GSAT-10-(GAGAN/PRN-128),GSAT-10-(GAGAN/PRN-128),GSAT-10-(GAGAN/PRN-128),GAGAN: GSAT-10,SBAS,II,2015 - 
39617,ASTRA-5B-(EGNOS/PRN-123),ASTRA-5B-(EGNOS/PRN-123),ASTRA-5B-(EGNOS/PRN-123),ASTRA-5B-(EGNOS/PRN-123),ASTRA-5B-(EGNOS/PRN-123),EGNOS: Astra 5B,SBAS,II,2015 - 5/09/2025
41028,GSAT-15-(GAGAN/PRN-139),GSAT-15-(GAGAN/PRN-139),GSAT-15-(GAGAN/PRN-139),GSAT-15-(GAGAN/PRN-139),GSAT-15-(GAGAN/PRN-139),GAGAN: GSAT-15,SBAS,II,2016 - 
41589,E-117-W-B-(WAAS/PRN-131),E-117-W-B-(WAAS/PRN-131),E-117-W-B-(WAAS/PRN-131),E-117-W-B-(WAAS/PRN-131),E-117-W-B-(WAAS/PRN-131),WAAS: Eutelsat 117W B,SBAS,II,03/2018 - 
42709,,,,,,WAAS: SES-15,SBAS,II,15/07/2019 - 
44624,,,,,,EGNOS: Eutelsat 5 West B,SBAS,II,14/02/2020 - 
46114,,,,,,WAAS: Galaxy 30,SBAS,II,26/04/2022 - 
