CCSDS_OMM_VERS,COMMENT,CREATION_DATE,ORIGINATOR,OBJECT_NAME,OBJECT_ID,CENTER_NAME,REF_FRAME,TIME_SYSTEM,MEAN_ELEMENT_THEORY,EPOCH,MEAN_MOTION,ECCENTRICITY,INCLINATION,RA_OF_ASC_NODE,ARG_OF_PERICENTER,MEAN_ANOMALY,EPHEMERIS_TYPE,CLASSIFICATION_TYPE,NORAD_CAT_ID,ELEMENT_SET_NO,REV_AT_EPOCH,BSTAR,MEAN_MOTION_DOT,MEAN_MOTION_DDOT,SEMIMAJOR_AXIS,PERIOD,APOAPSIS,PERIAPSIS,OBJECT_TYPE,RCS_SIZE,COUNTRY_CODE,LAUNCH_DATE,SITE,DECAY_DATE,FILE,GP_ID,TLE_LINE0,TLE_LINE1,TLE_LINE2
3.0,GENERATED VIA SPACE-TRACK.ORG API,2019-02-21T04:51:52,18 SPCS,GALILEO 22 (2C8),2017-079D,EARTH,TEME,UTC,SGP4,2019-02-20 12:15:03.576384,1.70473586,0.00030400,56.6512,295.0233,274.9334,85.1060,0,U,43058,999,743,0.00000000000000,-0.00000007,0.0000000000000,29600.367,844.705,23231.231,23213.234,PAYLOAD,LARGE,ESA,2017-12-12,FRGUI,,2413712,126857722,0 GALILEO 22 (2C8),1 43058U 17079D   19051.51045806 -.00000007 +00000-0 +00000-0 0  9997,2 43058 056.6512 295.0233 0003040 274.9334 085.1060 01.70473586007435
3.0,GENERATED VIA SPACE-TRACK.ORG API,2019-02-23T05:54:48,18 SPCS,GALILEO 14 (26B),2016-030A,EARTH,TEME,UTC,SGP4,2019-02-21 14:33:35.120736,1.70474240,0.00029160,56.6776,295.1441,334.8298,201.9630,0,U,41549,999,1709,0.00000000000000,-0.00000015,0.0000000000000,29600.292,844.702,23230.788,23213.525,PAYLOAD,LARGE,ESA,2016-05-24,FRGUI,,2414738,126905248,0 GALILEO 14 (26B),1 41549U 16030A   19052.60665649 -.00000015 +00000-0 +00000-0 0  9999,2 41549 056.6776 295.1441 0002916 334.8298 201.9630 01.70474240017090
3.0,GENERATED VIA SPACE-TRACK.ORG API,2019-02-22T22:30:24,18 SPCS,GALILEO-PFM,2011-060A,EARTH,TEME,UTC,SGP4,2019-02-22 12:58:11.389440,1.70475650,0.00050730,56.2971,54.5574,318.2371,41.7397,0,U,37846,999,4570,0.00000000000000,-0.00000046,0.0000000000000,29600.129,844.695,23237.010,23206.977,PAYLOAD,LARGE,ESA,2011-10-21,FRGUI,,2414677,126895615,0 GALILEO-PFM,1 37846U 11060A   19053.54040960 -.00000046  00000-0  00000+0 0  9992,2 37846  56.2971  54.5574 0005073 318.2371  41.7397  1.70475650 45702
3.0,GENERATED VIA SPACE-TRACK.ORG API,2019-02-23T08:00:19,18 SPCS,IRNSS R1A,2013-034A,EARTH,TEME,UTC,SGP4,2019-02-22 16:57:42.579648,1.00270007,0.00212290,29.9040,104.6006,186.7380,170.4599,0,U,39199,999,2085,0.00000000000000,0.00000076,0.0000000000000,42165.230,1436.122,35876.607,35697.582,PAYLOAD,LARGE,IND,2013-07-01,SRI,,2414860,126909272,0 IRNSS R1A,1 39199U 13034A   19053.70674282  .00000076  00000-0  00000+0 0  9998,2 39199  29.9040 104.6006 0021229 186.7380 170.4599  1.00270007 20850
3.0,GENERATED VIA SPACE-TRACK.ORG API,2019-02-23T14:42:19,18 SPCS,GALILEO 18 (26E),2016-069D,EARTH,TEME,UTC,SGP4,2019-02-22 19:25:30.885600,1.70473819,0.00019020,54.5938,175.1988,267.6415,92.3043,0,U,41862,999,1410,0.00000000000000,0.00000001,0.0000000000000,29600.341,844.704,23227.835,23216.576,PAYLOAD,LARGE,ESA,2016-11-17,FRGUI,,2415001,126912437,0 GALILEO 18 (26E),1 41862U 16069D   19053.80938525  .00000001  00000-0  00000+0 0  9991,2 41862  54.5938 175.1988 0001902 267.6415  92.3043  1.70473819 14106
3.0,GENERATED VIA SPACE-TRACK.ORG API,2019-02-23T07:42:17,18 SPCS,GALILEO 11 (268),2015-079B,EARTH,TEME,UTC,SGP4,2019-02-22 22:56:47.747616,1.70473807,0.00029650,54.9357,174.7125,309.8531,50.0900,0,U,41175,999,1982,0.00000000000000,0.00000001,0.0000000000000,29600.342,844.704,23230.983,23213.430,PAYLOAD,LARGE,ESA,2015-12-17,FRGUI,,2414790,126907598,0 GALILEO 11 (268),1 41175U 15079B   19053.95610819  .00000001  00000-0  00000+0 0  9997,2 41175  54.9357 174.7125 0002965 309.8531  50.0900  1.70473807 19822
3.0,GENERATED VIA SPACE-TRACK.ORG API,2019-02-25T03:54:51,18 SPCS,NAVSTAR 61 (USA 199),2007-062A,EARTH,TEME,UTC,SGP4,2019-02-23 05:42:34.858080,2.00577253,0.00049130,56.4583,19.5878,79.4707,343.8638,0,U,32384,999,8200,0.00000000000000,-0.00000077,0.0000000000000,26559.142,717.927,20194.056,20167.959,PAYLOAD,LARGE,US,2007-12-20,AFETR,,2415839,126944954,0 NAVSTAR 61 (USA 199),1 32384U 07062A   19054.23790345 -.00000077 +00000-0 +00000-0 0  9992,2 32384 056.4583 019.5878 0004913 079.4707 343.8638 02.00577253082008
3.0,GENERATED VIA SPACE-TRACK.ORG API,2019-02-23T22:24:19,18 SPCS,GALILEO 17 (26D),2016-069C,EARTH,TEME,UTC,SGP4,2019-02-23 05:58:40.893888,1.70473821,0.00026660,54.5955,175.1903,261.2821,98.6573,0,U,41861,999,1412,0.00000000000000,0.00000000,0.0000000000000,29600.340,844.704,23230.097,23214.314,PAYLOAD,LARGE,ESA,2016-11-17,FRGUI,,2415156,126915738,0 GALILEO 17 (26D),1 41861U 16069C   19054.24908442  .00000000  00000-0  00000+0 0  9993,2 41861  54.5955 175.1903 0002666 261.2821  98.6573  1.70473821 14122
3.0,GENERATED VIA SPACE-TRACK.ORG API,2019-02-23T14:24:17,18 SPCS,COSMOS 2522 (GLONASS),2017-055A,EARTH,TEME,UTC,SGP4,2019-02-23 06:28:06.026880,2.13101992,0.00058540,64.5487,283.6771,256.2666,233.5366,0,U,42939,999,1106,0.00000000000000,0.00000004,0.0000000000000,25508.025,675.732,19144.822,19114.957,PAYLOAD,LARGE,CIS,2017-09-22,PKMTR,,2414902,126909998,0 COSMOS 2522 (GLONASS),1 42939U 17055A   19054.26951420  .00000004  00000-0  00000+0 0  9996,2 42939  64.5487 283.6771 0005854 256.2666 233.5366  2.13101992 11066
3.0,GENERATED VIA SPACE-TRACK.ORG API,2019-02-23T22:36:16,18 SPCS,GALILEO 8 (264),2015-017B,EARTH,TEME,UTC,SGP4,2019-02-23 06:35:54.499776,1.70475321,0.00029350,56.0955,54.7521,260.2318,99.7492,0,U,40545,999,2433,0.00000000000000,-0.00000048,0.0000000000000,29600.167,844.697,23230.719,23213.344,PAYLOAD,LARGE,ESA,2015-03-27,FRGUI,,2415208,126916964,0 GALILEO 8 (264),1 40545U 15017B   19054.27493634 -.00000048  00000-0  00000+0 0  9991,2 40545  56.0955  54.7521 0002935 260.2318  99.7492  1.70475321 24337
3.0,GENERATED VIA SPACE-TRACK.ORG API,2019-02-24T04:29:55,18 SPCS,GALILEO 19 (2C5),2017-079A,EARTH,TEME,UTC,SGP4,2019-02-23 07:07:35.885568,1.70473562,0.00008250,56.6503,294.9486,317.3706,42.6827,0,U,43055,999,745,0.00000000000000,-0.00000024,0.0000000000000,29600.370,844.705,23224.677,23219.793,PAYLOAD,LARGE,ESA,2017-12-12,FRGUI,,2415263,126926638,0 GALILEO 19 (2C5),1 43055U 17079A   19054.29694312 -.00000024 +00000-0 +00000-0 0  9993,2 43055 056.6503 294.9486 0000825 317.3706 042.6827 01.70473562007458
3.0,GENERATED VIA SPACE-TRACK.ORG API,2019-02-24T04:29:55,18 SPCS,GALILEO-FM2,2011-060B,EARTH,TEME,UTC,SGP4,2019-02-23 08:16:22.764288,1.70475605,0.00066700,56.2994,54.5342,305.2261,234.4020,0,U,37847,999,4559,0.00000000000000,-0.00000048,0.0000000000000,29600.134,844.695,23241.742,23202.255,PAYLOAD,LARGE,ESA,2011-10-21,FRGUI,,2415263,126925035,0 GALILEO-FM2,1 37847U 11060B   19054.34470792 -.00000048 +00000-0 +00000-0 0  9995,2 37847 056.2994 054.5342 0006670 305.2261 234.4020 01.70475605045590
3.0,GENERATED VIA SPACE-TRACK.ORG API,2019-02-23T14:42:19,18 SPCS,NAVSTAR 75 (USA 265),2015-062A,EARTH,TEME,UTC,SGP4,2019-02-23 09:13:00.160896,2.00564582,0.00444530,55.1433,135.7928,205.4795,154.3485,0,U,41019,999,2426,0.00000000000000,-0.00000014,0.0000000000000,26560.261,717.973,20300.194,20064.058,PAYLOAD,LARGE,US,2015-10-31,AFETR,,2415012,126912713,0 NAVSTAR 75 (USA 265),1 41019U 15062A   19054.38402964 -.00000014  00000-0  00000+0 0  9999,2 41019  55.1433 135.7928 0044453 205.4795 154.3485  2.00564582 24261
3.0,GENERATED VIA SPACE-TRACK.ORG API,2019-02-23T22:24:19,18 SPCS,GALILEO 16 (26C),2016-069B,EARTH,TEME,UTC,SGP4,2019-02-23 11:16:06.230784,1.70473712,0.00027210,54.5933,175.1813,320.7440,39.2068,0,U,41860,999,1412,0.00000000000000,0.00000000,0.0000000000000,29600.353,844.705,23230.272,23214.164,PAYLOAD,LARGE,ESA,2016-11-17,FRGUI,,2415157,126915752,0 GALILEO 16 (26C),1 41860U 16069B   19054.46951656 -.00000000  00000-0  00000+0 0  9992,2 41860  54.5933 175.1813 0002721 320.7440  39.2068  1.70473712 14126
3.0,GENERATED VIA SPACE-TRACK.ORG API,2019-02-23T22:36:16,18 SPCS,GALILEO 9 (205),2015-045A,EARTH,TEME,UTC,SGP4,2019-02-23 12:26:48.645312,1.70474561,0.00046820,56.5355,295.2871,21.4038,338.6744,0,U,40889,999,2148,0.00000000000000,-0.00000026,0.0000000000000,29600.255,844.700,23235.978,23208.261,PAYLOAD,LARGE,ESA,2015-09-11,FRGUI,,2415201,126916794,0 GALILEO 9 (205),1 40889U 15045A   19054.51861858 -.00000026  00000-0  00000+0 0  9993,2 40889  56.5355 295.2871 0004682  21.4038 338.6744  1.70474561 21487
3.0,GENERATED VIA SPACE-TRACK.ORG API,2019-02-24T06:36:16,18 SPCS,GALILEO 20 (2C6),2017-079B,EARTH,TEME,UTC,SGP4,2019-02-23 14:09:38.258496,1.70473676,0.00025850,56.6507,294.9401,283.4548,76.5747,0,U,43056,999,744,0.00000000000000,-0.00000025,0.0000000000000,29600.357,844.705,23229.874,23214.570,PAYLOAD,LARGE,ESA,2017-12-12,FRGUI,,2415402,126929925,0 GALILEO 20 (2C6),1 43056U 17079B   19054.59002614 -.00000025  00000-0  00000+0 0  9995,2 43056  56.6507 294.9401 0002585 283.4548  76.5747  1.70473676  7444
3.0,GENERATED VIA SPACE-TRACK.ORG API,2019-02-25T03:54:51,18 SPCS,GALILEO 23 (2C9),2018-060C,EARTH,TEME,UTC,SGP4,2019-02-23 18:52:14.734560,1.70475912,0.00059420,56.4846,54.2249,283.0259,76.9202,0,U,43566,999,366,0.00000000000000,-0.00000048,0.0000000000000,29600.098,844.694,23239.552,23204.375,PAYLOAD,LARGE,ESA,2018-07-25,FRGUI,,2415839,126948076,0 GALILEO 23 (2C9),1 43566U 18060C   19054.78628165 -.00000048 +00000-0 +00000-0 0  9994,2 43566 056.4846 054.2249 0005942 283.0259 076.9202 01.70475912003661
3.0,GENERATED VIA SPACE-TRACK.ORG API,2019-02-24T06:30:19,18 SPCS,GALILEO 25 (2C1),2018-060A,EARTH,TEME,UTC,SGP4,2019-02-23 22:23:37.721472,1.70476051,0.00064390,56.4813,54.2206,279.8831,80.0565,0,U,43564,999,365,0.00000000000000,-0.00000048,0.0000000000000,29600.082,844.693,23241.007,23202.888,PAYLOAD,LARGE,ESA,2018-07-25,FRGUI,,2415334,126928303,0 GALILEO 25 (2C1),1 43564U 18060A   19054.93307548 -.00000048  00000-0  00000+0 0  9997,2 43564  56.4813  54.2206 0006439 279.8831  80.0565  1.70476051  3659
3.0,GENERATED VIA SPACE-TRACK.ORG API,2019-02-25T03:54:51,18 SPCS,GALILEO 6 (262),2014-050B,EARTH,TEME,UTC,SGP4,2019-02-23 22:48:59.133024,1.85519619,0.16592740,50.5955,19.5381,84.7367,293.8821,0,U,40129,999,3094,0.00000000000000,-0.00000101,0.0000000000000,27977.481,776.198,26241.576,16957.115,PAYLOAD,LARGE,ESA,2014-08-22,FRGUI,,2415839,126946816,0 GALILEO 6 (262),1 40129U 14050B   19054.95068441 -.00000101 +00000-0 +00000-0 0  9995,2 40129 050.5955 019.5381 1659274 084.7367 293.8821 01.85519619030947
3.0,GENERATED VIA SPACE-TRACK.ORG API,2019-02-25T03:54:51,18 SPCS,GALILEO 24 (2C0),2018-060D,EARTH,TEME,UTC,SGP4,2019-02-24 00:08:51.727200,1.70475892,0.00060820,56.4842,54.2184,283.2077,76.7367,0,U,43567,999,365,0.00000000000000,-0.00000048,0.0000000000000,29600.101,844.694,23239.968,23203.963,PAYLOAD,LARGE,ESA,2018-07-25,FRGUI,,2415839,126948077,0 GALILEO 24 (2C0),1 43567U 18060D   19055.00615425 -.00000048 +00000-0 +00000-0 0  9996,2 43567 056.4842 054.2184 0006082 283.2077 076.7367 01.70475892003658
3.0,GENERATED VIA SPACE-TRACK.ORG API,2019-02-25T03:54:51,18 SPCS,BEIDOU 3M6,2018-018B,EARTH,TEME,UTC,SGP4,2019-02-24 00:11:48.916320,1.86231869,0.00075540,55.0428,152.4712,294.3539,65.5859,0,U,43208,999,701,0.00000000000000,-0.00000010,0.0000000000000,27906.101,773.229,21549.047,21506.886,PAYLOAD,LARGE,PRC,2018-02-12,XSC,,2415839,126947925,0 BEIDOU 3M6,1 43208U 18018B   19055.00820505 -.00000010 +00000-0 +00000-0 0  9997,2 43208 055.0428 152.4712 0007554 294.3539 065.5859 01.86231869007011
3.0,GENERATED VIA SPACE-TRACK.ORG API,2019-02-24T14:36:18,18 SPCS,NAVSTAR 72 (USA 258),2014-068A,EARTH,TEME,UTC,SGP4,2019-02-24 00:45:19.514304,2.00574994,0.00177790,55.1411,135.9552,29.4784,330.6684,0,U,40294,999,3163,0.00000000000000,-0.00000022,0.0000000000000,26559.342,717.935,20228.427,20133.987,PAYLOAD,LARGE,US,2014-10-29,AFETR,,2415673,126934178,0 NAVSTAR 72 (USA 258),1 40294U 14068A   19055.03147586 -.00000022  00000-0  00000+0 0  9996,2 40294  55.1411 135.9552 0017779  29.4784 330.6684  2.00574994 31636
3.0,GENERATED VIA SPACE-TRACK.ORG API,2019-02-24T06:30:19,18 SPCS,BEIDOU 10,2011-073A,EARTH,TEME,UTC,SGP4,2019-02-24 03:19:31.455264,1.00279138,0.00561850,52.3313,303.5476,208.6562,147.2809,0,U,37948,999,2662,0.00010000000000,-0.00000157,0.0000000000000,42162.670,1435.991,36021.426,35547.644,PAYLOAD,LARGE,PRC,2011-12-01,XSC,,2415385,126929580,0 BEIDOU 10,1 37948U 11073A   19055.13855851 -.00000157  00000-0  10000-3 0  9997,2 37948  52.3313 303.5476 0056185 208.6562 147.2809  1.00279138 26620
3.0,GENERATED VIA SPACE-TRACK.ORG API,2019-02-24T06:30:19,18 SPCS,BEIDOU 3M15,2018-078A,EARTH,TEME,UTC,SGP4,2019-02-24 03:31:13.359360,1.86232608,0.00084050,55.0654,32.1067,323.8064,294.1560,0,U,43647,999,244,0.00010000000000,-0.00000077,0.0000000000000,27906.027,773.226,21551.347,21504.437,PAYLOAD,,PRC,2018-10-15,XSC,,2415375,126929325,0 BEIDOU 3M15,1 43647U 18078A   19055.14668240 -.00000077  00000-0  10000-3 0  9998,2 43647  55.0654  32.1067 0008405 323.8064 294.1560  1.86232608  2446
3.0,GENERATED VIA SPACE-TRACK.ORG API,2019-02-25T03:54:51,18 SPCS,NAVSTAR 71 (USA 256),2014-045A,EARTH,TEME,UTC,SGP4,2019-02-24 03:54:57.165696,2.00556743,0.00121350,54.5786,195.1085,100.3259,259.7742,0,U,40105,999,3341,0.00000000000000,0.00000031,0.0000000000000,26560.953,718.001,20215.050,20150.586,PAYLOAD,LARGE,US,2014-08-02,AFETR,,2415839,126946807,0 NAVSTAR 71 (USA 256),1 40105U 14045A   19055.16316164 +.00000031 +00000-0 +00000-0 0  9996,2 40105 054.5786 195.1085 0012135 100.3259 259.7742 02.00556743033417
3.0,GENERATED VIA SPACE-TRACK.ORG API,2019-02-25T03:54:51,18 SPCS,GALILEO 15 (267),2016-069A,EARTH,TEME,UTC,SGP4,2019-02-24 04:51:51.107904,1.70473816,0.00035550,54.5957,175.1608,292.0778,67.8573,0,U,41859,999,1404,0.00000000000000,-0.00000003,0.0000000000000,29600.341,844.704,23232.729,23211.683,PAYLOAD,LARGE,ESA,2016-11-17,FRGUI,,2415839,126947388,0 GALILEO 15 (267),1 41859U 16069A   19055.20267486 -.00000003 +00000-0 +00000-0 0  9998,2 41859 054.5957 175.1608 0003555 292.0778 067.8573 01.70473816014047
3.0,GENERATED VIA SPACE-TRACK.ORG API,2019-02-25T03:54:51,18 SPCS,GALILEO 5 (261),2014-050A,EARTH,TEME,UTC,SGP4,2019-02-24 05:22:48.413280,1.85519028,0.16598340,50.5503,20.5079,83.8691,294.6942,0,U,40128,999,2881,0.00000000000000,-0.00000101,0.0000000000000,27977.540,776.200,26243.212,16955.598,PAYLOAD,LARGE,ESA,2014-08-22,FRGUI,,2415839,126946815,0 GALILEO 5 (261),1 40128U 14050A   19055.22417145 -.00000101 +00000-0 +00000-0 0  9994,2 40128 050.5503 020.5079 1659834 083.8691 294.6942 01.85519028028813
3.0,GENERATED VIA SPACE-TRACK.ORG API,2019-02-24T22:24:19,18 SPCS,GALILEO 10 (206),2015-045B,EARTH,TEME,UTC,SGP4,2019-02-24 07:47:52.140192,1.70474687,0.00029890,56.5341,295.2615,22.0372,338.0307,0,U,40890,999,2152,0.00000000000000,-0.00000027,0.0000000000000,29600.240,844.700,23230.953,23213.258,PAYLOAD,LARGE,ESA,2015-09-11,FRGUI,,2415794,126937256,0 GALILEO 10 (206),1 40890U 15045B   19055.32490903 -.00000027  00000-0  00000+0 0  9995,2 40890  56.5341 295.2615 0002989  22.0372 338.0307  1.70474687 21529
3.0,GENERATED VIA SPACE-TRACK.ORG API,2019-02-25T03:54:51,18 SPCS,LUCH 5B,2012-061A,EARTH,TEME,UTC,SGP4,2019-02-24 08:05:42.614592,1.00271259,0.00061400,4.7745,70.6166,281.6251,266.7906,0,U,38977,999,2340,0.00000000000000,-0.00000153,0.0000000000000,42164.879,1436.104,35812.633,35760.855,PAYLOAD,LARGE,CIS,2012-11-02,TTMTR,,2415839,126946475,0 LUCH 5B,1 38977U 12061A   19055.33729878 -.00000153 +00000-0 +00000-0 0  9991,2 38977 004.7745 070.6166 0006140 281.6251 266.7906 01.00271259023407
3.0,GENERATED VIA SPACE-TRACK.ORG API,2019-02-25T03:54:51,18 SPCS,NAVSTAR 60 (USA 196),2007-047A,EARTH,TEME,UTC,SGP4,2019-02-24 08:07:17.787648,2.00566499,0.01108230,53.1753,190.6518,42.9863,317.8383,0,U,32260,999,8330,0.00000000000000,0.00000024,0.0000000000000,26560.092,717.966,20476.304,19887.610,PAYLOAD,LARGE,US,2007-10-17,AFETR,,2415839,126944927,0 NAVSTAR 60 (USA 196),1 32260U 07047A   19055.33840032 +.00000024 +00000-0 +00000-0 0  9990,2 32260 053.1753 190.6518 0110823 042.9863 317.8383 02.00566499083304
3.0,GENERATED VIA SPACE-TRACK.ORG API,2019-02-25T03:54:51,18 SPCS,BEIDOU-3 M2,2017-069B,EARTH,TEME,UTC,SGP4,2019-02-24 10:36:40.767264,1.86231593,0.00084340,55.0830,152.3320,303.6833,121.5545,0,U,43002,999,887,0.00000000000000,-0.00000016,0.0000000000000,27906.129,773.230,21551.530,21504.458,PAYLOAD,LARGE,PRC,2017-11-05,XSC,,2415839,126947814,0 BEIDOU-3 M2,1 43002U 17069B   19055.44213851 -.00000016 +00000-0 +00000-0 0  9998,2 43002 055.0830 152.3320 0008434 303.6833 121.5545 01.86231593008877
3.0,GENERATED VIA SPACE-TRACK.ORG API,2019-02-25T03:54:51,18 SPCS,NAVSTAR 57 (USA 183),2005-038A,EARTH,TEME,UTC,SGP4,2019-02-24 11:15:34.637760,2.00561055,0.01319890,56.3773,18.9096,261.5126,99.3955,0,U,28874,999,9828,0.00000000000000,-0.00000079,0.0000000000000,26560.572,717.985,20533.008,19831.867,PAYLOAD,LARGE,US,2005-09-26,AFETR,,2415839,126943705,0 NAVSTAR 57 (USA 183),1 28874U 05038A   19055.46915090 -.00000079 +00000-0 +00000-0 0  9996,2 28874 056.3773 018.9096 0131989 261.5126 099.3955 02.00561055098280
3.0,GENERATED VIA SPACE-TRACK.ORG API,2019-02-25T03:54:51,18 SPCS,BEIDOU IGSO-6,2016-021A,EARTH,TEME,UTC,SGP4,2019-02-24 11:25:52.687200,1.00272867,0.00345030,56.3751,65.6591,201.4215,155.2680,0,U,41434,999,1071,0.00000000000000,-0.00000142,0.0000000000000,42164.428,1436.081,35931.773,35640.813,PAYLOAD,LARGE,PRC,2016-03-29,XSC,,2415839,126947253,0 BEIDOU IGSO-6,1 41434U 16021A   19055.47630425 -.00000142 +00000-0 +00000-0 0  9995,2 41434 056.3751 065.6591 0034503 201.4215 155.2680 01.00272867010716
3.0,GENERATED VIA SPACE-TRACK.ORG API,2019-02-25T03:54:51,18 SPCS,BEIDOU 3M5,2018-018A,EARTH,TEME,UTC,SGP4,2019-02-24 11:28:50.472480,1.86231742,0.00060790,55.0433,152.4503,325.6255,34.3541,0,U,43207,999,702,0.00000000000000,-0.00000016,0.0000000000000,27906.114,773.230,21544.943,21511.015,PAYLOAD,LARGE,PRC,2018-02-12,XSC,,2415839,126947924,0 BEIDOU 3M5,1 43207U 18018A   19055.47836195 -.00000016 +00000-0 +00000-0 0  9995,2 43207 055.0433 152.4503 0006079 325.6255 034.3541 01.86231742007021
3.0,GENERATED VIA SPACE-TRACK.ORG API,2019-02-24T14:36:18,18 SPCS,QZS-2,2017-028A,EARTH,TEME,UTC,SGP4,2019-02-24 11:35:40.587360,1.00269569,0.07451390,43.7856,281.0794,270.4901,276.7898,0,U,42738,999,637,0.00000000000000,-0.00000183,0.0000000000000,42165.353,1436.128,38929.123,32645.313,PAYLOAD,SMALL,JPN,2017-06-01,TNSTA,,2415688,126934570,0 QZS-2,1 42738U 17028A   19055.48310865 -.00000183  00000-0  00000+0 0  9999,2 42738  43.7856 281.0794 0745139 270.4901 276.7898  1.00269569  6373
3.0,GENERATED VIA SPACE-TRACK.ORG API,2019-02-24T22:18:17,18 SPCS,COSMOS 2527 (GLONASS),2018-053A,EARTH,TEME,UTC,SGP4,2019-02-24 11:47:18.619008,2.13102617,0.00065560,64.8317,163.2689,228.6374,149.3337,0,U,43508,999,538,0.00000000000000,0.00000007,0.0000000000000,25507.975,675.730,19146.563,19113.117,PAYLOAD,LARGE,CIS,2018-06-16,PKMTR,,2415745,126936023,0 COSMOS 2527 (GLONASS),1 43508U 18053A   19055.49118772  .00000007  00000-0  00000+0 0  9992,2 43508  64.8317 163.2689 0006556 228.6374 149.3337  2.13102617  5389
3.0,GENERATED VIA SPACE-TRACK.ORG API,2019-02-24T14:18:20,18 SPCS,GALILEO 12 (269),2015-079A,EARTH,TEME,UTC,SGP4,2019-02-24 11:54:15.404832,1.70473841,0.00038780,54.9374,174.6701,307.9241,52.0151,0,U,41174,999,1984,0.00000000000000,-0.00000004,0.0000000000000,29600.338,844.704,23233.682,23210.724,PAYLOAD,LARGE,ESA,2015-12-17,FRGUI,,2415506,126931631,0 GALILEO 12 (269),1 41174U 15079A   19055.49601163 -.00000004  00000-0  00000+0 0  9993,2 41174  54.9374 174.6701 0003878 307.9241  52.0151  1.70473841 19840
3.0,GENERATED VIA SPACE-TRACK.ORG API,2019-02-25T03:54:51,18 SPCS,COSMOS 2501 (GLONASS),2014-075A,EARTH,TEME,UTC,SGP4,2019-02-24 11:57:25.725888,2.13098566,0.00145350,64.0956,283.6591,207.0170,5.8196,0,U,40315,999,3296,0.00000000000000,0.00000001,0.0000000000000,25508.298,675.743,19167.239,19093.087,PAYLOAD,LARGE,CIS,2014-11-30,PKMTR,,2415839,126946862,0 COSMOS 2501 (GLONASS),1 40315U 14075A   19055.49821442 +.00000001 +00000-0 +00000-0 0  9995,2 40315 064.0956 283.6591 0014535 207.0170 005.8196 02.13098566032963
3.0,GENERATED VIA SPACE-TRACK.ORG API,2019-02-26T04:30:57,18 SPCS,GALILEO 13 (26A),2016-030B,EARTH,TEME,UTC,SGP4,2019-02-24 13:04:23.115936,1.70474455,0.00015050,56.6745,295.0646,307.7128,52.3281,0,U,41550,999,1715,0.00000000000000,-0.00000027,0.0000000000000,29600.267,844.701,23226.587,23217.677,PAYLOAD,LARGE,ESA,2016-05-24,FRGUI,,2416364,126968100,0 GALILEO 13 (26A),1 41550U 16030B   19055.54471199 -.00000027 +00000-0 +00000-0 0  9995,2 41550 056.6745 295.0646 0001505 307.7128 052.3281 01.70474455017153
3.0,GENERATED VIA SPACE-TRACK.ORG API,2019-02-25T03:54:51,18 SPCS,IRNSS-1E,2016-003A,EARTH,TEME,UTC,SGP4,2019-02-24 13:13:09.442272,1.00266850,0.00216930,29.0593,104.1646,186.0151,173.9454,0,U,41241,999,1131,0.00000000000000,-0.00000310,0.0000000000000,42166.115,1436.167,35879.451,35696.509,PAYLOAD,LARGE,IND,2016-01-20,SRI,,2415839,126947168,0 IRNSS-1E,1 41241U 16003A   19055.55080373 -.00000310 +00000-0 +00000-0 0  9998,2 41241 029.0593 104.1646 0021693 186.0151 173.9454 01.00266850011314
3.0,GENERATED VIA SPACE-TRACK.ORG API,2019-02-25T03:54:51,18 SPCS,COSMOS 2492 (GLONASS),2014-012A,EARTH,TEME,UTC,SGP4,2019-02-24 13:22:40.020096,2.13103422,0.00162970,65.5846,43.7234,320.9837,276.5694,0,U,39620,999,3834,0.00010000000000,-0.00000030,0.0000000000000,25507.910,675.728,19171.346,19088.205,PAYLOAD,LARGE,CIS,2014-03-23,PKMTR,,2415839,126946697,0 COSMOS 2492 (GLONASS),1 39620U 14012A   19055.55740764 -.00000030 +00000-0 +10000-3 0  9994,2 39620 065.5846 043.7234 0016297 320.9837 276.5694 02.13103422038341
3.0,GENERATED VIA SPACE-TRACK.ORG API,2019-02-24T22:24:19,18 SPCS,BEIDOU 3M17,2018-093A,EARTH,TEME,UTC,SGP4,2019-02-24 13:24:19.300608,1.86231706,0.00080810,54.9275,273.3965,263.7572,75.2309,0,U,43706,999,180,0.00000000000000,0.00000003,0.0000000000000,27906.118,773.230,21550.533,21505.432,PAYLOAD,LARGE,PRC,2018-11-18,XSC,,2415772,126936707,0 BEIDOU 3M17,1 43706U 18093A   19055.55855672  .00000003  00000-0  00000+0 0  9996,2 43706  54.9275 273.3965 0008081 263.7572  75.2309  1.86231706  1807
3.0,GENERATED VIA SPACE-TRACK.ORG API,2019-02-25T03:54:51,18 SPCS,BEIDOU 3M7,2018-029A,EARTH,TEME,UTC,SGP4,2019-02-24 13:24:33.141888,1.86232895,0.00025380,55.1743,31.8294,286.0708,292.8644,0,U,43245,999,617,0.00000000000000,-0.00000077,0.0000000000000,27905.999,773.225,21534.946,21520.781,PAYLOAD,LARGE,PRC,2018-03-29,XSC,,2415839,126947941,0 BEIDOU 3M7,1 43245U 18029A   19055.55871692 -.00000077 +00000-0 +00000-0 0  9996,2 43245 055.1743 031.8294 0002538 286.0708 292.8644 01.86232895006174
3.0,GENERATED VIA SPACE-TRACK.ORG API,2019-02-25T03:54:51,18 SPCS,NAVSTAR 70 (USA 251),2014-026A,EARTH,TEME,UTC,SGP4,2019-02-24 13:50:05.419968,2.00549079,0.00170020,55.8178,75.7255,290.7457,69.1165,0,U,39741,999,3499,0.00000000000000,-0.00000042,0.0000000000000,26561.630,718.028,20228.655,20138.335,PAYLOAD,LARGE,US,2014-05-17,AFETR,,2415839,126946734,0 NAVSTAR 70 (USA 251),1 39741U 14026A   19055.57645162 -.00000042 +00000-0 +00000-0 0  9990,2 39741 055.8178 075.7255 0017002 290.7457 069.1165 02.00549079034994
3.0,GENERATED VIA SPACE-TRACK.ORG API,2019-02-24T22:30:18,18 SPCS,BEIDOU 3M12,2018-067B,EARTH,TEME,UTC,SGP4,2019-02-24 14:08:42.749088,1.86231483,0.00034070,54.9052,272.0723,344.0599,195.2654,0,U,43603,999,342,0.00000000000000,0.00000005,0.0000000000000,27906.140,773.231,21537.512,21518.497,PAYLOAD,LARGE,PRC,2018-08-24,XSC,,2415815,126937747,0 BEIDOU 3M12,1 43603U 18067B   19055.58938367  .00000005  00000-0  00000+0 0  9991,2 43603  54.9052 272.0723 0003407 344.0599 195.2654  1.86231483  3421
3.0,GENERATED VIA SPACE-TRACK.ORG API,2019-02-25T03:54:51,18 SPCS,BEIDOU 7,2010-068A,EARTH,TEME,UTC,SGP4,2019-02-24 14:16:42.640608,1.00250873,0.00628160,52.2535,304.0082,201.8710,338.8806,0,U,37256,999,3003,0.00010000000000,-0.00000213,0.0000000000000,42170.595,1436.396,36057.359,35527.561,PAYLOAD,LARGE,PRC,2010-12-17,XSC,,2415839,126946079,0 BEIDOU 7,1 37256U 10068A   19055.59493797 -.00000213 +00000-0 +10000-3 0  9992,2 37256 052.2535 304.0082 0062816 201.8710 338.8806 01.00250873030034
3.0,GENERATED VIA SPACE-TRACK.ORG API,2019-02-25T03:54:51,18 SPCS,NAVSTAR 58 (USA 190),2006-042A,EARTH,TEME,UTC,SGP4,2019-02-24 14:20:21.897024,2.00575756,0.00926620,55.0508,257.5505,357.8436,13.3461,0,U,29486,999,9100,0.00000000000000,0.00000028,0.0000000000000,26559.275,717.933,20427.243,19935.036,PAYLOAD,LARGE,US,2006-09-25,AFETR,,2415839,126943818,0 NAVSTAR 58 (USA 190),1 29486U 06042A   19055.59747566 +.00000028 +00000-0 +00000-0 0  9990,2 29486 055.0508 257.5505 0092662 357.8436 013.3461 02.00575756091009
3.0,GENERATED VIA SPACE-TRACK.ORG API,2019-02-25T03:54:51,18 SPCS,NAVSTAR 48 (USA 151),2000-040A,EARTH,TEME,UTC,SGP4,2019-02-24 14:22:12.436320,2.00560772,0.01952180,56.3311,321.0089,275.5605,243.7566,0,U,26407,999,13639,0.00000000000000,-0.00000076,0.0000000000000,26560.597,717.986,20700.973,19663.952,PAYLOAD,LARGE,US,2000-07-16,AFETR,,2415839,126943159,0 NAVSTAR 48 (USA 151),1 26407U 00040A   19055.59875505 -.00000076 +00000-0 +00000-0 0  9991,2 26407 056.3311 321.0089 0195218 275.5605 243.7566 02.00560772136393
3.0,GENERATED VIA SPACE-TRACK.ORG API,2019-02-25T03:54:51,18 SPCS,NAVSTAR 56 (USA 180),2004-045A,EARTH,TEME,UTC,SGP4,2019-02-24 14:42:19.940256,2.00565415,0.01910050,54.6400,72.3700,258.7147,98.8152,0,U,28474,999,10488,0.00000000000000,-0.00000047,0.0000000000000,26560.187,717.970,20689.365,19674.740,PAYLOAD,LARGE,US,2004-11-06,AFETR,,2415839,126943637,0 NAVSTAR 56 (USA 180),1 28474U 04045A   19055.61273079 -.00000047 +00000-0 +00000-0 0  9995,2 28474 054.6400 072.3700 0191005 258.7147 098.8152 02.00565415104887
3.0,GENERATED VIA SPACE-TRACK.ORG API,2019-02-25T03:54:51,18 SPCS,BD-20,2015-053A,EARTH,TEME,UTC,SGP4,2019-02-24 14:51:22.616928,1.00289793,0.00469520,53.3268,289.6773,180.1326,2.0049,0,U,40938,999,1259,0.00000000000000,-0.00000124,0.0000000000000,42159.684,1435.839,35979.497,35583.601,PAYLOAD,LARGE,PRC,2015-09-29,XSC,,2415839,126947036,0 BD-20,1 40938U 15053A   19055.61901177 -.00000124 +00000-0 +00000-0 0  9998,2 40938 053.3268 289.6773 0046952 180.1326 002.0049 01.00289793012593
3.0,GENERATED VIA SPACE-TRACK.ORG API,2019-02-25T03:54:51,18 SPCS,COSMOS 2433 (GLONASS),2007-052A,EARTH,TEME,UTC,SGP4,2019-02-24 14:59:13.297344,2.13104497,0.00053340,65.8052,44.9027,271.9275,333.8032,0,U,32275,999,8820,0.00010000000000,-0.00000028,0.0000000000000,25507.825,675.724,19143.296,19116.084,PAYLOAD,LARGE,CIS,2007-10-26,TTMTR,,2415839,126944931,0 COSMOS 2433 (GLONASS),1 32275U 07052A   19055.62445946 -.00000028 +00000-0 +10000-3 0  9998,2 32275 065.8052 044.9027 0005334 271.9275 333.8032 02.13104497088202
3.0,GENERATED VIA SPACE-TRACK.ORG API,2019-02-25T03:54:51,18 SPCS,BD-19,2015-037B,EARTH,TEME,UTC,SGP4,2019-02-24 14:59:40.574688,1.86234517,0.00082710,55.7920,32.5171,295.2796,261.1764,0,U,40749,999,2439,0.00000000000000,-0.00000075,0.0000000000000,27905.837,773.218,21550.783,21504.621,PAYLOAD,LARGE,PRC,2015-07-25,XSC,,2415839,126946996,0 BD-19,1 40749U 15037B   19055.62477517 -.00000075 +00000-0 +00000-0 0  9992,2 40749 055.7920 032.5171 0008271 295.2796 261.1764 01.86234517024393
3.0,GENERATED VIA SPACE-TRACK.ORG API,2019-02-25T03:54:51,18 SPCS,COSMOS 2477 (GLONASS),2011-064B,EARTH,TEME,UTC,SGP4,2019-02-24 15:31:25.572000,2.13101761,0.00155080,64.5060,163.4024,238.8980,166.2133,0,U,37868,999,5688,0.00000000000000,0.00000005,0.0000000000000,25508.043,675.733,19169.466,19090.350,PAYLOAD,LARGE,CIS,2011-11-04,TTMTR,,2415839,126946242,0 COSMOS 2477 (GLONASS),1 37868U 11064B   19055.64682375 +.00000005 +00000-0 +00000-0 0  9990,2 37868 064.5060 163.4024 0015508 238.8980 166.2133 02.13101761056883
3.0,GENERATED VIA SPACE-TRACK.ORG API,2019-02-24T22:24:19,18 SPCS,COSMOS 2457 (GLONASS),2009-070B,EARTH,TEME,UTC,SGP4,2019-02-24 15:34:10.296192,2.13101562,0.00061380,64.1780,162.3782,159.1874,291.1842,0,U,36112,999,7158,0.00000000000000,0.00000003,0.0000000000000,25508.059,675.734,19145.581,19114.267,PAYLOAD,LARGE,CIS,2009-12-14,TTMTR,,2415779,126936885,0 COSMOS 2457 (GLONASS),1 36112U 09070B   19055.64873028  .00000003  00000-0  00000+0 0  9999,2 36112  64.1780 162.3782 0006138 159.1874 291.1842  2.13101562 71582
3.0,GENERATED VIA SPACE-TRACK.ORG API,2019-02-25T03:54:51,18 SPCS,COSMOS 2475 (GLONASS),2011-064C,EARTH,TEME,UTC,SGP4,2019-02-24 15:34:35.213088,2.13101915,0.00194850,64.5137,163.3997,264.8770,98.9011,0,U,37869,999,5689,0.00000000000000,0.00000005,0.0000000000000,25508.031,675.733,19179.598,19080.193,PAYLOAD,LARGE,CIS,2011-11-04,TTMTR,,2415839,126946243,0 COSMOS 2475 (GLONASS),1 37869U 11064C   19055.64901867 +.00000005 +00000-0 +00000-0 0  9991,2 37869 064.5137 163.3997 0019485 264.8770 098.9011 02.13101915056899
3.0,GENERATED VIA SPACE-TRACK.ORG API,2019-02-25T03:54:51,18 SPCS,GALILEO 7 (263),2015-017A,EARTH,TEME,UTC,SGP4,2019-02-24 15:58:55.117344,1.70475019,0.00053670,56.0905,54.6997,269.2070,90.7446,0,U,40544,999,2369,0.00000000000000,-0.00000049,0.0000000000000,29600.202,844.698,23237.953,23206.180,PAYLOAD,LARGE,ESA,2015-03-27,FRGUI,,2415839,126946949,0 GALILEO 7 (263),1 40544U 15017A   19055.66591571 -.00000049 +00000-0 +00000-0 0  9995,2 40544 056.0905 054.6997 0005367 269.2070 090.7446 01.70475019023695
3.0,GENERATED VIA SPACE-TRACK.ORG API,2019-02-25T03:54:51,18 SPCS,IRNSS 1B,2014-017A,EARTH,TEME,UTC,SGP4,2019-02-24 16:01:35.079168,1.00277179,0.00179250,28.7208,285.0144,178.8643,345.8432,0,U,39635,999,1782,0.00000000000000,0.00000080,0.0000000000000,42163.219,1436.019,35860.662,35709.507,PAYLOAD,LARGE,IND,2014-04-04,SRI,,2415839,126946705,0 IRNSS 1B,1 39635U 14017A   19055.66776712 +.00000080 +00000-0 +00000-0 0  9999,2 39635 028.7208 285.0144 0017925 178.8643 345.8432 01.00277179017821
3.0,GENERATED VIA SPACE-TRACK.ORG API,2019-02-25T03:54:51,18 SPCS,NAVSTAR 73 (USA 260),2015-013A,EARTH,TEME,UTC,SGP4,2019-02-24 16:13:25.668192,2.00576901,0.00364140,54.5850,314.5319,2.7942,357.2710,0,U,40534,999,2828,0.00000000000000,-0.00000071,0.0000000000000,26559.173,717.929,20277.751,20084.326,PAYLOAD,LARGE,US,2015-03-25,AFETR,,2415839,126946944,0 NAVSTAR 73 (USA 260),1 40534U 15013A   19055.67599153 -.00000071 +00000-0 +00000-0 0  9990,2 40534 054.5850 314.5319 0036414 002.7942 357.2710 02.00576901028288
3.0,GENERATED VIA SPACE-TRACK.ORG API,2019-02-24T22:24:19,18 SPCS,COSMOS 2476 (GLONASS),2011-064A,EARTH,TEME,UTC,SGP4,2019-02-24 16:15:45.625824,2.13101921,0.00177810,64.4979,163.3511,238.1973,11.7647,0,U,37867,999,5692,0.00000000000000,0.00000004,0.0000000000000,25508.030,675.732,19175.251,19084.539,PAYLOAD,LARGE,CIS,2011-11-04,TTMTR,,2415788,126937112,0 COSMOS 2476 (GLONASS),1 37867U 11064A   19055.67761141  .00000004  00000-0  00000+0 0  9999,2 37867  64.4979 163.3511 0017781 238.1973  11.7647  2.13101921 56927
3.0,GENERATED VIA SPACE-TRACK.ORG API,2019-02-25T16:12:14,18 SPCS,NAVSTAR 77 (USA 289),2018-109A,EARTH,TEME,UTC,SGP4,2019-02-24 16:24:14.192640,2.00574209,0.00055320,55.0010,197.6377,272.7514,87.1506,0,U,43873,999,148,0.00000000000000,0.00000034,0.0000000000000,26559.411,717.938,20195.969,20166.583,PAYLOAD,LARGE,US,2018-12-23,AFETR,,2416174,126955474,0 NAVSTAR 77 (USA 289),1 43873U 18109A   19055.68349760  .00000034  00000-0  00000+0 0  9993,2 43873  55.0010 197.6377 0005532 272.7514  87.1506  2.00574209  1480
3.0,GENERATED VIA SPACE-TRACK.ORG API,2019-02-25T03:54:51,18 SPCS,COSMOS 2434 (GLONASS),2007-065A,EARTH,TEME,UTC,SGP4,2019-02-24 16:25:42.864096,2.13102982,0.00045530,64.7727,282.8519,84.0188,95.3180,0,U,32393,999,8691,0.00000000000000,0.00000004,0.0000000000000,25507.946,675.729,19141.424,19118.197,PAYLOAD,LARGE,CIS,2007-12-25,TTMTR,,2415839,126944958,0 COSMOS 2434 (GLONASS),1 32393U 07065A   19055.68452389 +.00000004 +00000-0 +00000-0 0  9997,2 32393 064.7727 282.8519 0004553 084.0188 095.3180 02.13102982086914
3.0,GENERATED VIA SPACE-TRACK.ORG API,2019-02-25T03:54:51,18 SPCS,COSMOS 2432 (GLONASS),2007-052B,EARTH,TEME,UTC,SGP4,2019-02-24 16:34:33.361824,2.13103868,0.00129540,65.8172,44.9805,322.5965,285.2540,0,U,32276,999,8820,0.00010000000000,-0.00000028,0.0000000000000,25507.875,675.726,19162.783,19096.697,PAYLOAD,LARGE,CIS,2007-10-26,TTMTR,,2415839,126944932,0 COSMOS 2432 (GLONASS),1 32276U 07052B   19055.69066391 -.00000028 +00000-0 +10000-3 0  9999,2 32276 065.8172 044.9805 0012954 322.5965 285.2540 02.13103868088200
3.0,GENERATED VIA SPACE-TRACK.ORG API,2019-02-24T22:24:19,18 SPCS,BEIDOU 13,2012-018B,EARTH,TEME,UTC,SGP4,2019-02-24 16:36:45.944352,1.86233702,0.00283140,56.5174,32.9346,235.3630,343.1534,0,U,38251,999,4657,0.00010000000000,-0.00000072,0.0000000000000,27905.918,773.222,21606.796,21448.770,PAYLOAD,LARGE,PRC,2012-04-29,XSC,,2415758,126936360,0 BEIDOU 13,1 38251U 12018B   19055.69219843 -.00000072  00000-0  10000-3 0  9997,2 38251  56.5174  32.9346 0028314 235.3630 343.1534  1.86233702 46573
3.0,GENERATED VIA SPACE-TRACK.ORG API,2019-02-25T03:54:51,18 SPCS,BEIDOU 3M11,2018-067A,EARTH,TEME,UTC,SGP4,2019-02-24 16:44:48.126336,1.86231572,0.00059920,54.9107,272.0983,350.3658,350.9554,0,U,43602,999,340,0.00000000000000,0.00000006,0.0000000000000,27906.131,773.230,21544.717,21511.275,PAYLOAD,LARGE,PRC,2018-08-24,XSC,,2415839,126948096,0 BEIDOU 3M11,1 43602U 18067A   19055.69777924 +.00000006 +00000-0 +00000-0 0  9994,2 43602 054.9107 272.0983 0005992 350.3658 350.9554 01.86231572003402
3.0,GENERATED VIA SPACE-TRACK.ORG API,2019-02-24T22:24:19,18 SPCS,COSMOS 2500 (GLONASS),2014-032A,EARTH,TEME,UTC,SGP4,2019-02-24 16:45:02.156832,2.13102726,0.00071860,65.5274,43.6692,229.7159,337.3101,0,U,40001,999,3656,0.00000000000000,-0.00000030,0.0000000000000,25507.966,675.730,19148.161,19111.501,PAYLOAD,LARGE,CIS,2014-06-14,PKMTR,,2415781,126936937,0 COSMOS 2500 (GLONASS),1 40001U 14032A   19055.69794163 -.00000030  00000-0  00000+0 0  9993,2 40001  65.5274  43.6692 0007186 229.7159 337.3101  2.13102726 36565
3.0,GENERATED VIA SPACE-TRACK.ORG API,2019-02-25T03:54:51,18 SPCS,NAVSTAR 51 (USA 166),2003-005A,EARTH,TEME,UTC,SGP4,2019-02-24 17:08:32.571168,2.00551432,0.01049740,56.3924,320.7742,30.1404,329.7428,0,U,27663,999,11776,0.00000000000000,-0.00000076,0.0000000000000,26561.422,718.020,20462.113,19904.461,PAYLOAD,LARGE,US,2003-01-29,AFETR,,2415839,126943439,0 NAVSTAR 51 (USA 166),1 27663U 03005A   19055.71426587 -.00000076 +00000-0 +00000-0 0  9996,2 27663 056.3924 320.7742 0104974 030.1404 329.7428 02.00551432117766
3.0,GENERATED VIA SPACE-TRACK.ORG API,2019-02-25T03:54:51,18 SPCS,NAVSTAR 64 (USA 206),2009-043A,EARTH,TEME,UTC,SGP4,2019-02-24 17:09:08.009856,2.00567903,0.00540170,54.3894,134.4623,38.9886,325.3483,0,U,35752,999,6982,0.00000000000000,-0.00000032,0.0000000000000,26559.968,717.961,20325.302,20038.364,PAYLOAD,LARGE,US,2009-08-17,AFETR,,2415839,126945795,0 NAVSTAR 64 (USA 206),1 35752U 09043A   19055.71467604 -.00000032 +00000-0 +00000-0 0  9999,2 35752 054.3894 134.4623 0054017 038.9886 325.3483 02.00567903069824
3.0,GENERATED VIA SPACE-TRACK.ORG API,2019-02-25T03:54:51,18 SPCS,BEIDOU 12,2012-018A,EARTH,TEME,UTC,SGP4,2019-02-24 17:28:30.107136,1.86233008,0.00236210,56.5846,33.5361,240.6876,294.2393,0,U,38250,999,4657,0.00010000000000,-0.00000072,0.0000000000000,27905.987,773.224,21593.769,21461.936,PAYLOAD,LARGE,PRC,2012-04-29,XSC,,2415839,126946331,0 BEIDOU 12,1 38250U 12018A   19055.72812624 -.00000072 +00000-0 +10000-3 0  9996,2 38250 056.5846 033.5361 0023621 240.6876 294.2393 01.86233008046577
3.0,GENERATED VIA SPACE-TRACK.ORG API,2019-02-25T03:54:51,18 SPCS,COSMOS 2456 (GLONASS),2009-070A,EARTH,TEME,UTC,SGP4,2019-02-24 17:43:49.905984,2.13102842,0.00035850,64.1956,162.4691,327.9043,65.9244,0,U,36111,999,7158,0.00000000000000,0.00000002,0.0000000000000,25507.957,675.730,19138.966,19120.677,PAYLOAD,LARGE,CIS,2009-12-14,TTMTR,,2415839,126945874,0 COSMOS 2456 (GLONASS),1 36111U 09070A   19055.73877206 +.00000002 +00000-0 +00000-0 0  9990,2 36111 064.1956 162.4691 0003585 327.9043 065.9244 02.13102842071587
3.0,GENERATED VIA SPACE-TRACK.ORG API,2019-02-24T22:24:19,18 SPCS,GALILEO 26 (2C2),2018-060B,EARTH,TEME,UTC,SGP4,2019-02-24 17:44:59.986752,1.70476085,0.00063400,56.4846,54.1970,286.0434,73.8991,0,U,43565,999,370,0.00000000000000,-0.00000048,0.0000000000000,29600.078,844.693,23240.710,23203.177,PAYLOAD,LARGE,ESA,2018-07-25,FRGUI,,2415751,126936179,0 GALILEO 26 (2C2),1 43565U 18060B   19055.73958318 -.00000048  00000-0  00000+0 0  9994,2 43565  56.4846  54.1970 0006340 286.0434  73.8991  1.70476085  3709
3.0,GENERATED VIA SPACE-TRACK.ORG API,2019-02-25T03:54:51,18 SPCS,BEIDOU 3M16,2018-078B,EARTH,TEME,UTC,SGP4,2019-02-24 17:46:45.806016,1.86232583,0.00058980,55.0613,32.0965,325.3149,240.8423,0,U,43648,999,246,0.00010000000000,-0.00000077,0.0000000000000,27906.030,773.226,21544.354,21511.436,PAYLOAD,,PRC,2018-10-15,XSC,,2415839,126948123,0 BEIDOU 3M16,1 43648U 18078B   19055.74080794 -.00000077 +00000-0 +10000-3 0  9997,2 43648 055.0613 032.0965 0005898 325.3149 240.8423 01.86232583002462
3.0,GENERATED VIA SPACE-TRACK.ORG API,2019-02-25T03:54:51,18 SPCS,BD-18,2015-037A,EARTH,TEME,UTC,SGP4,2019-02-24 17:49:22.305792,1.86231339,0.00099840,55.7891,32.5232,278.5270,241.4991,0,U,40748,999,2440,0.00000000000000,-0.00000075,0.0000000000000,27906.154,773.231,21555.881,21500.158,PAYLOAD,LARGE,PRC,2015-07-25,XSC,,2415839,126946995,0 BD-18,1 40748U 15037A   19055.74261928 -.00000075 +00000-0 +00000-0 0  9991,2 40748 055.7891 032.5232 0009984 278.5270 241.4991 01.86231339024404
3.0,GENERATED VIA SPACE-TRACK.ORG API,2019-02-25T16:12:14,18 SPCS,NAVSTAR 62 (USA 201),2008-012A,EARTH,TEME,UTC,SGP4,2019-02-24 17:51:55.149984,2.00571080,0.01238120,54.7888,256.7610,218.9035,140.2144,0,U,32711,999,8021,0.00000000000000,0.00000030,0.0000000000000,26559.687,717.949,20510.393,19852.712,PAYLOAD,LARGE,US,2008-03-15,AFETR,,2416178,126955566,0 NAVSTAR 62 (USA 201),1 32711U 08012A   19055.74438831  .00000030  00000-0  00000+0 0  9995,2 32711  54.7888 256.7610 0123812 218.9035 140.2144  2.00571080 80218
3.0,GENERATED VIA SPACE-TRACK.ORG API,2019-02-25T03:54:51,18 SPCS,BEIDOU 3M10,2018-062B,EARTH,TEME,UTC,SGP4,2019-02-24 17:56:31.204896,1.86232144,0.00050610,54.8462,273.5795,2.2729,328.7087,0,U,43582,999,391,0.00000000000000,0.00000003,0.0000000000000,27906.074,773.228,21542.062,21513.816,PAYLOAD,LARGE,PRC,2018-07-29,XSC,,2415839,126948089,0 BEIDOU 3M10,1 43582U 18062B   19055.74758339 +.00000003 +00000-0 +00000-0 0  9998,2 43582 054.8462 273.5795 0005061 002.2729 328.7087 01.86232144003914
3.0,GENERATED VIA SPACE-TRACK.ORG API,2019-02-25T03:54:51,18 SPCS,BEIDOU 15,2012-050B,EARTH,TEME,UTC,SGP4,2019-02-24 18:00:02.805408,1.86232231,0.00216420,54.9287,152.4461,242.9092,212.1187,0,U,38775,999,4395,0.00000000000000,-0.00000020,0.0000000000000,27906.065,773.228,21588.324,21467.536,PAYLOAD,LARGE,PRC,2012-09-18,XSC,,2415839,126946454,0 BEIDOU 15,1 38775U 12050B   19055.75003247 -.00000020 +00000-0 +00000-0 0  9999,2 38775 054.9287 152.4461 0021642 242.9092 212.1187 01.86232231043954
3.0,GENERATED VIA SPACE-TRACK.ORG API,2019-02-25T03:54:51,18 SPCS,IRNSS 1I,2018-035A,EARTH,TEME,UTC,SGP4,2019-02-24 18:06:50.475168,1.00268890,0.00215360,29.0582,117.5685,187.3795,176.2034,0,U,43286,999,331,0.00000000000000,0.00000078,0.0000000000000,42165.543,1436.138,35878.216,35696.600,PAYLOAD,LARGE,IND,2018-04-11,SRI,,2415839,126947975,0 IRNSS 1I,1 43286U 18035A   19055.75475087 +.00000078 +00000-0 +00000-0 0  9998,2 43286 029.0582 117.5685 0021536 187.3795 176.2034 01.00268890003315
3.0,GENERATED VIA SPACE-TRACK.ORG API,2019-02-25T16:12:14,18 SPCS,NAVSTAR 69 (USA 248),2014-008A,EARTH,TEME,UTC,SGP4,2019-02-24 18:54:25.229664,2.00569228,0.00372210,53.9574,258.4521,190.2467,169.6948,0,U,39533,999,3669,0.00000000000000,0.00000026,0.0000000000000,26559.851,717.956,20280.574,20082.857,PAYLOAD,LARGE,US,2014-02-21,AFETR,,2416174,126955466,0 NAVSTAR 69 (USA 248),1 39533U 14008A   19055.78779201  .00000026  00000-0  00000+0 0  9994,2 39533  53.9574 258.4521 0037221 190.2467 169.6948  2.00569228 36690
3.0,GENERATED VIA SPACE-TRACK.ORG API,2019-02-25T03:54:51,18 SPCS,NAVSTAR 68 (USA 242),2013-023A,EARTH,TEME,UTC,SGP4,2019-02-24 18:59:53.900448,2.00568385,0.00665020,56.0641,15.7104,23.0796,337.2089,0,U,39166,999,4234,0.00000000000000,-0.00000083,0.0000000000000,26559.925,717.959,20358.419,20005.161,PAYLOAD,LARGE,US,2013-05-15,AFETR,,2415839,126946548,0 NAVSTAR 68 (USA 242),1 39166U 13023A   19055.79159607 -.00000083 +00000-0 +00000-0 0  9990,2 39166 056.0641 015.7104 0066502 023.0796 337.2089 02.00568385042345
3.0,GENERATED VIA SPACE-TRACK.ORG API,2019-02-25T03:54:51,18 SPCS,BEIDOU 3M14,2018-072B,EARTH,TEME,UTC,SGP4,2019-02-24 19:01:33.802176,1.86231680,0.00045970,55.0069,152.0303,306.1881,129.7610,0,U,43623,999,294,0.00000000000000,-0.00000021,0.0000000000000,27906.120,773.230,21540.814,21515.157,PAYLOAD,,PRC,2018-09-19,XSC,,2415839,126948108,0 BEIDOU 3M14,1 43623U 18072B   19055.79275234 -.00000021 +00000-0 +00000-0 0  9999,2 43623 055.0069 152.0303 0004597 306.1881 129.7610 01.86231680002947
3.0,GENERATED VIA SPACE-TRACK.ORG API,2019-02-24T22:18:17,18 SPCS,BEIDOU 3M4,2018-003B,EARTH,TEME,UTC,SGP4,2019-02-24 19:05:35.301408,1.86232881,0.00048680,55.2027,33.9895,251.2006,261.7628,0,U,43108,999,764,0.00000000000000,-0.00000075,0.0000000000000,27906.000,773.225,21541.450,21514.281,PAYLOAD,LARGE,PRC,2018-01-11,XSC,,2415715,126935292,0 BEIDOU 3M4,1 43108U 18003B   19055.79554747 -.00000075  00000-0  00000+0 0  9998,2 43108  55.2027  33.9895 0004868 251.2006 261.7628  1.86232881  7646
3.0,GENERATED VIA SPACE-TRACK.ORG API,2019-02-24T22:12:14,18 SPCS,COSMOS 2529 (GLONASS),2018-086A,EARTH,TEME,UTC,SGP4,2019-02-24 19:13:45.928992,2.13102120,0.00090760,64.7635,283.6145,282.6376,257.9715,0,U,43687,999,240,0.00000000000000,0.00000003,0.0000000000000,25508.014,675.732,19153.030,19106.728,PAYLOAD,LARGE,CIS,2018-11-03,PKMTR,,2415712,126935207,0 COSMOS 2529 (GLONASS),1 43687U 18086A   19055.80122603  .00000003  00000-0  00000+0 0  9995,2 43687  64.7635 283.6145 0009076 282.6376 257.9715  2.13102120  2400
3.0,GENERATED VIA SPACE-TRACK.ORG API,2019-02-25T03:54:51,18 SPCS,COSMOS 2436 (GLONASS),2007-065C,EARTH,TEME,UTC,SGP4,2019-02-24 19:49:46.970112,2.13104310,0.00173250,64.7824,282.9001,3.3232,336.4602,0,U,32395,999,8684,0.00010000000000,0.00000005,0.0000000000000,25507.840,675.725,19173.897,19085.512,PAYLOAD,LARGE,CIS,2007-12-25,TTMTR,,2415839,126944959,0 COSMOS 2436 (GLONASS),1 32395U 07065C   19055.82623808 +.00000005 +00000-0 +10000-3 0  9996,2 32395 064.7824 282.9001 0017325 003.3232 336.4602 02.13104310086843
3.0,GENERATED VIA SPACE-TRACK.ORG API,2019-02-25T03:54:51,18 SPCS,NAVSTAR 74 (USA 262),2015-033A,EARTH,TEME,UTC,SGP4,2019-02-24 19:52:20.574624,2.00560698,0.00437980,55.5906,15.0999,338.0498,21.7555,0,U,40730,999,2647,0.00000000000000,-0.00000085,0.0000000000000,26560.604,717.987,20298.799,20066.139,PAYLOAD,LARGE,US,2015-07-15,AFETR,,2415839,126946988,0 NAVSTAR 74 (USA 262),1 40730U 15033A   19055.82801591 -.00000085 +00000-0 +00000-0 0  9994,2 40730 055.5906 015.0999 0043798 338.0498 021.7555 02.00560698026475
3.0,GENERATED VIA SPACE-TRACK.ORG API,2019-02-25T03:54:51,18 SPCS,COSMOS 2460 (GLONASS),2010-007C,EARTH,TEME,UTC,SGP4,2019-02-24 19:53:00.488832,2.13101621,0.00027830,65.6937,43.8635,286.8401,282.9413,0,U,36402,999,6993,0.00010000000000,-0.00000029,0.0000000000000,25508.054,675.733,19137.018,19122.820,PAYLOAD,LARGE,CIS,2010-03-01,TTMTR,,2415839,126945924,0 COSMOS 2460 (GLONASS),1 36402U 10007C   19055.82847788 -.00000029 +00000-0 +10000-3 0  9991,2 36402 065.6937 043.8635 0002783 286.8401 282.9413 02.13101621069934
3.0,GENERATED VIA SPACE-TRACK.ORG API,2019-02-25T03:54:51,18 SPCS,LUCH 5A,2011-074B,EARTH,TEME,UTC,SGP4,2019-02-24 20:08:57.760224,1.00273378,0.00042670,2.2694,133.9473,201.6566,286.8582,0,U,37951,999,2642,0.00000000000000,-0.00000076,0.0000000000000,42164.285,1436.074,35804.141,35768.158,PAYLOAD,LARGE,CIS,2011-12-11,TTMTR,,2415839,126946259,0 LUCH 5A,1 37951U 11074B   19055.83955741 -.00000076 +00000-0 +00000-0 0  9994,2 37951 002.2694 133.9473 0004267 201.6566 286.8582 01.00273378026429
3.0,GENERATED VIA SPACE-TRACK.ORG API,2019-02-25T03:54:51,18 SPCS,BD-17,2015-019A,EARTH,TEME,UTC,SGP4,2019-02-24 20:17:40.295328,1.00276924,0.00374640,53.7116,326.7030,189.8938,38.9819,0,U,40549,999,1431,0.00000000000000,-0.00000193,0.0000000000000,42163.291,1436.023,35943.116,35627.195,PAYLOAD,LARGE,PRC,2015-03-30,XSC,,2415839,126946952,0 BD-17,1 40549U 15019A   19055.84560527 -.00000193 +00000-0 +00000-0 0  9999,2 40549 053.7116 326.7030 0037464 189.8938 038.9819 01.00276924014316
3.0,GENERATED VIA SPACE-TRACK.ORG API,2019-02-25T03:54:51,18 SPCS,BEIDOU 6,2010-057A,EARTH,TEME,UTC,SGP4,2019-02-24 20:17:42.640224,1.00269878,0.00046470,0.9461,52.7783,195.0627,10.9408,0,U,37210,999,3051,0.00000000000000,-0.00000134,0.0000000000000,42165.266,1436.124,35806.725,35767.537,PAYLOAD,LARGE,PRC,2010-10-31,XSC,,2415839,126946065,0 BEIDOU 6,1 37210U 10057A   19055.84563241 -.00000134 +00000-0 +00000-0 0  9998,2 37210 000.9461 052.7783 0004647 195.0627 010.9408 01.00269878030510
3.0,GENERATED VIA SPACE-TRACK.ORG API,2019-02-25T03:54:51,18 SPCS,ASTRA 5B,2014-011B,EARTH,TEME,UTC,SGP4,2019-02-24 20:40:18.129216,1.00268921,0.00034600,0.0261,37.9642,298.1047,159.9171,0,U,39617,999,1790,0.00000000000000,0.00000134,0.0000000000000,42165.534,1436.137,35801.989,35772.810,PAYLOAD,LARGE,SES,2014-03-22,FRGUI,,2415839,126946695,0 ASTRA 5B,1 39617U 14011B   19055.86132094 +.00000134 +00000-0 +00000-0 0  9994,2 39617 000.0261 037.9642 0003460 298.1047 159.9171 01.00268921017901
3.0,GENERATED VIA SPACE-TRACK.ORG API,2019-02-25T03:54:51,18 SPCS,NAVSTAR 65 (USA 213),2010-022A,EARTH,TEME,UTC,SGP4,2019-02-24 20:52:01.820928,2.00554858,0.00807280,55.6534,316.0646,48.3135,173.1058,0,U,36585,999,6405,0.00000000000000,-0.00000072,0.0000000000000,26561.119,718.008,20397.407,19968.562,PAYLOAD,LARGE,US,2010-05-28,AFETR,,2415839,126945963,0 NAVSTAR 65 (USA 213),1 36585U 10022A   19055.86946552 -.00000072 +00000-0 +00000-0 0  9997,2 36585 055.6534 316.0646 0080728 048.3135 173.1058 02.00554858064059
3.0,GENERATED VIA SPACE-TRACK.ORG API,2019-02-25T03:54:51,18 SPCS,BEIDOU-3 M1,2017-069A,EARTH,TEME,UTC,SGP4,2019-02-24 20:59:49.829856,1.86231834,0.00090190,55.0834,152.2818,281.2622,29.6532,0,U,43001,999,888,0.00000000000000,-0.00000022,0.0000000000000,27906.105,773.229,21553.138,21502.801,PAYLOAD,LARGE,PRC,2017-11-05,XSC,,2415839,126947813,0 BEIDOU-3 M1,1 43001U 17069A   19055.87488229 -.00000022 +00000-0 +00000-0 0  9994,2 43001 055.0834 152.2818 0009019 281.2622 029.6532 01.86231834008881
3.0,GENERATED VIA SPACE-TRACK.ORG API,2019-02-25T03:54:51,18 SPCS,BEIDOU 3M18,2018-093B,EARTH,TEME,UTC,SGP4,2019-02-24 21:26:28.754304,1.86231889,0.00073720,54.9258,273.3745,290.2091,3.3880,0,U,43707,999,181,0.00000000000000,0.00000005,0.0000000000000,27906.099,773.229,21548.537,21507.392,PAYLOAD,,PRC,2018-11-18,XSC,,2415839,126948153,0 BEIDOU 3M18,1 43707U 18093B   19055.89338836 +.00000005 +00000-0 +00000-0 0  9995,2 43707 054.9258 273.3745 0007372 290.2091 003.3880 01.86231889001817
3.0,GENERATED VIA SPACE-TRACK.ORG API,2019-02-25T03:54:51,18 SPCS,BEIDOU 3M9,2018-062A,EARTH,TEME,UTC,SGP4,2019-02-24 21:26:56.940576,1.86231646,0.00019910,54.8476,273.5844,282.7884,55.7620,0,U,43581,999,391,0.00000000000000,0.00000004,0.0000000000000,27906.124,773.230,21533.545,21522.432,PAYLOAD,LARGE,PRC,2018-07-29,XSC,,2415839,126948088,0 BEIDOU 3M9,1 43581U 18062A   19055.89371459 +.00000004 +00000-0 +00000-0 0  9998,2 43581 054.8476 273.5844 0001991 282.7884 055.7620 01.86231646003914
3.0,GENERATED VIA SPACE-TRACK.ORG API,2019-02-25T03:54:51,18 SPCS,QZS-4,2017-062A,EARTH,TEME,UTC,SGP4,2019-02-24 21:31:43.860288,1.00294545,0.07501110,40.7162,17.9459,269.5058,326.4930,0,U,42965,999,505,0.00000000000000,-0.00000344,0.0000000000000,42158.352,1435.771,38942.562,32617.873,PAYLOAD,LARGE,JPN,2017-10-09,TNSTA,,2415839,126947803,0 QZS-4,1 42965U 17062A   19055.89703542 -.00000344 +00000-0 +00000-0 0  9992,2 42965 040.7162 017.9459 0750111 269.5058 326.4930 01.00294545005050
3.0,GENERATED VIA SPACE-TRACK.ORG API,2019-02-24T22:30:18,18 SPCS,BEIDOU 3G1,2018-085A,EARTH,TEME,UTC,SGP4,2019-02-24 21:34:25.324608,1.00266767,0.00015760,2.8336,271.9279,53.1085,297.4799,0,U,43683,999,129,0.00000000000000,-0.00000267,0.0000000000000,42166.138,1436.168,35794.649,35781.358,PAYLOAD,LARGE,PRC,2018-11-01,XSC,,2415813,126937703,0 BEIDOU 3G1,1 43683U 18085A   19055.89890422 -.00000267  00000-0  00000+0 0  9993,2 43683   2.8336 271.9279 0001576  53.1085 297.4799  1.00266767  1290
3.0,GENERATED VIA SPACE-TRACK.ORG API,2019-02-25T03:54:51,18 SPCS,GSAT 15,2015-065A,EARTH,TEME,UTC,SGP4,2019-02-24 21:36:07.316352,1.00270921,0.00012590,0.0712,270.5678,79.3470,222.0412,0,U,41028,999,1208,0.00000000000000,-0.00000278,0.0000000000000,42164.974,1436.109,35792.147,35781.530,PAYLOAD,LARGE,IND,2015-11-10,FRGUI,,2415839,126947058,0 GSAT 15,1 41028U 15065A   19055.90008468 -.00000278 +00000-0 +00000-0 0  9995,2 41028 000.0712 270.5678 0001259 079.3470 222.0412 01.00270921012085
3.0,GENERATED VIA SPACE-TRACK.ORG API,2019-02-25T03:54:51,18 SPCS,QZS-3,2017-048A,EARTH,TEME,UTC,SGP4,2019-02-24 21:40:48.192384,1.00270995,0.00012440,0.0517,160.4422,204.9940,241.2514,0,U,42917,999,549,0.00000000000000,-0.00000369,0.0000000000000,42164.953,1436.108,35792.063,35781.573,PAYLOAD,LARGE,JPN,2017-08-19,TNSTA,,2415839,126947772,0 QZS-3,1 42917U 17048A   19055.90333556 -.00000369 +00000-0 +00000-0 0  9996,2 42917 000.0517 160.4422 0001244 204.9940 241.2514 01.00270995005496
3.0,GENERATED VIA SPACE-TRACK.ORG API,2019-02-25T06:30:18,18 SPCS,BEIDOU 3M3,2018-003A,EARTH,TEME,UTC,SGP4,2019-02-24 21:46:10.395264,1.86232856,0.00043350,55.2098,33.9914,357.7565,184.9096,0,U,43107,999,764,0.00000000000000,-0.00000075,0.0000000000000,27906.003,773.225,21539.965,21515.770,PAYLOAD,LARGE,PRC,2018-01-11,XSC,,2415945,126950803,0 BEIDOU 3M3,1 43107U 18003A   19055.90706476 -.00000075  00000-0  00000+0 0  9998,2 43107  55.2098  33.9914 0004335 357.7565 184.9096  1.86232856  7643
3.0,GENERATED VIA SPACE-TRACK.ORG API,2019-02-25T03:54:51,18 SPCS,COSMOS 2485 (GLONASS),2013-019A,EARTH,TEME,UTC,SGP4,2019-02-24 21:48:01.485792,2.13101894,0.00183700,64.6669,163.5072,233.2092,238.5588,0,U,39155,999,4540,0.00000000000000,0.00000002,0.0000000000000,25508.032,675.733,19176.756,19083.039,PAYLOAD,LARGE,CIS,2013-04-26,PKMTR,,2415839,126946539,0 COSMOS 2485 (GLONASS),1 39155U 13019A   19055.90835053 +.00000002 +00000-0 +00000-0 0  9992,2 39155 064.6669 163.5072 0018370 233.2092 238.5588 02.13101894045407
3.0,GENERATED VIA SPACE-TRACK.ORG API,2019-02-25T03:54:51,18 SPCS,BD-2-G7,2016-037A,EARTH,TEME,UTC,SGP4,2019-02-24 21:48:34.372224,1.00267035,0.00097140,0.7731,26.1899,8.6296,197.2490,0,U,41586,999,1002,0.00000000000000,-0.00000374,0.0000000000000,42166.063,1436.164,35828.888,35746.968,PAYLOAD,LARGE,PRC,2016-06-12,XSC,,2415839,126947298,0 BD-2-G7,1 41586U 16037A   19055.90873116 -.00000374 +00000-0 +00000-0 0  9991,2 41586 000.7731 026.1899 0009714 008.6296 197.2490 01.00267035010020
3.0,GENERATED VIA SPACE-TRACK.ORG API,2019-02-25T03:54:51,18 SPCS,LUCH 5V,2014-023A,EARTH,TEME,UTC,SGP4,2019-02-24 21:52:49.448352,1.00276108,0.00041430,1.4495,301.9161,77.5043,197.9192,0,U,39727,999,53575,0.00000000000000,-0.00000289,0.0000000000000,42163.520,1436.034,35802.853,35767.916,PAYLOAD,LARGE,CIS,2014-04-28,TTMTR,,2415839,126946731,0 LUCH 5V,1 39727U 14023A   19055.91168343 -.00000289 +00000-0 +00000-0 0  9993,2 39727 001.4495 301.9161 0004143 077.5043 197.9192 01.00276108535750
3.0,GENERATED VIA SPACE-TRACK.ORG API,2019-02-25T03:54:51,18 SPCS,IRNSS 1C,2014-061A,EARTH,TEME,UTC,SGP4,2019-02-24 22:00:47.409696,1.00272592,0.00189180,2.0532,216.9735,10.2648,340.5045,0,U,40269,999,1591,0.00000000000000,-0.00000183,0.0000000000000,42164.505,1436.085,35866.137,35706.603,PAYLOAD,SMALL,IND,2014-10-15,SRI,,2415839,126946844,0 IRNSS 1C,1 40269U 14061A   19055.91721539 -.00000183 +00000-0 +00000-0 0  9993,2 40269 002.0532 216.9735 0018918 010.2648 340.5045 01.00272592015911
3.0,GENERATED VIA SPACE-TRACK.ORG API,2019-02-25T03:54:51,18 SPCS,GSAT 10,2012-051B,EARTH,TEME,UTC,SGP4,2019-02-24 22:00:47.409696,1.00271394,0.00008800,0.0379,292.6631,96.3810,178.6106,0,U,38779,999,2335,0.00000000000000,-0.00000185,0.0000000000000,42164.841,1436.102,35790.417,35782.996,PAYLOAD,LARGE,IND,2012-09-28,FRGUI,,2415839,126946456,0 GSAT 10,1 38779U 12051B   19055.91721539 -.00000185 +00000-0 +00000-0 0  9995,2 38779 000.0379 292.6631 0000880 096.3810 178.6106 01.00271394023356
3.0,GENERATED VIA SPACE-TRACK.ORG API,2019-02-25T03:54:51,18 SPCS,BEIDOU 16,2012-059A,EARTH,TEME,UTC,SGP4,2019-02-24 22:00:47.409696,1.00271107,0.00074910,1.6275,83.0891,218.9253,266.6803,0,U,38953,999,2328,0.00000000000000,-0.00000196,0.0000000000000,42164.922,1436.106,35818.372,35755.201,PAYLOAD,LARGE,PRC,2012-10-25,XSC,,2415839,126946471,0 BEIDOU 16,1 38953U 12059A   19055.91721539 -.00000196 +00000-0 +00000-0 0  9999,2 38953 001.6275 083.0891 0007491 218.9253 266.6803 01.00271107023286
3.0,GENERATED VIA SPACE-TRACK.ORG API,2019-02-25T03:54:51,18 SPCS,INMARSAT 4-F2,2005-044A,EARTH,TEME,UTC,SGP4,2019-02-24 22:06:42.678720,1.00272570,0.00033420,2.7860,23.7133,335.2921,191.0233,0,U,28899,999,4875,0.00000000000000,-0.00000009,0.0000000000000,42164.511,1436.085,35800.468,35772.285,PAYLOAD,LARGE,IM,2005-11-08,SEAL,,2415839,126943714,0 INMARSAT 4-F2,1 28899U 05044A   19055.92132730 -.00000009 +00000-0 +00000-0 0  9996,2 28899 002.7860 023.7133 0003342 335.2921 191.0233 01.00272570048754
3.0,GENERATED VIA SPACE-TRACK.ORG API,2019-02-25T03:54:51,18 SPCS,BEIDOU 11,2012-008A,EARTH,TEME,UTC,SGP4,2019-02-24 22:11:28.421664,1.00267829,0.00052410,1.9045,68.4611,288.8314,188.8072,0,U,38091,999,2571,0.00000000000000,0.00000037,0.0000000000000,42165.841,1436.153,35809.805,35765.606,PAYLOAD,LARGE,PRC,2012-02-24,XSC,,2415839,126946294,0 BEIDOU 11,1 38091U 12008A   19055.92463451 +.00000037 +00000-0 +00000-0 0  9996,2 38091 001.9045 068.4611 0005241 288.8314 188.8072 01.00267829025718
3.0,GENERATED VIA SPACE-TRACK.ORG API,2019-02-25T03:54:51,18 SPCS,SES 15,2017-026A,EARTH,TEME,UTC,SGP4,2019-02-24 22:14:39.890976,1.00271635,0.00006960,0.0220,125.2327,256.8952,336.8841,0,U,42709,999,738,0.00000000000000,0.00000039,0.0000000000000,42164.774,1436.099,35789.573,35783.704,PAYLOAD,LARGE,SES,2017-05-18,FRGUI,,2415839,126947650,0 SES 15,1 42709U 17026A   19055.92685059 +.00000039 +00000-0 +00000-0 0  9994,2 42709 000.0220 125.2327 0000696 256.8952 336.8841 01.00271635007384
3.0,GENERATED VIA SPACE-TRACK.ORG API,2019-02-25T03:54:51,18 SPCS,GSAT 8,2011-022A,EARTH,TEME,UTC,SGP4,2019-02-24 22:14:49.236000,1.00272674,0.00064390,0.0261,231.7203,57.6993,253.8133,0,U,37605,999,2645,0.00000000000000,0.00000064,0.0000000000000,42164.482,1436.084,35813.497,35759.198,PAYLOAD,LARGE,IND,2011-05-20,FRGUI,,2415839,126946150,0 GSAT 8,1 37605U 11022A   19055.92695875 +.00000064 +00000-0 +00000-0 0  9998,2 37605 000.0261 231.7203 0006439 057.6993 253.8133 01.00272674026452
3.0,GENERATED VIA SPACE-TRACK.ORG API,2019-02-26T04:30:57,18 SPCS,GALILEO-FM3,2012-055A,EARTH,TEME,UTC,SGP4,2019-02-24 22:17:09.027744,1.70473615,0.00026200,54.9238,174.9645,248.1090,111.8374,0,U,38857,999,3965,0.00000000000000,-0.00000006,0.0000000000000,29600.364,844.705,23229.984,23214.474,PAYLOAD,LARGE,ESA,2012-10-12,FRGUI,,2416364,126967320,0 GALILEO-FM3,1 38857U 12055A   19055.92857671 -.00000006 +00000-0 +00000-0 0  9996,2 38857 054.9238 174.9645 0002620 248.1090 111.8374 01.70473615039656
3.0,GENERATED VIA SPACE-TRACK.ORG API,2019-02-25T16:12:14,18 SPCS,NAVSTAR 67 (USA 239),2012-053A,EARTH,TEME,UTC,SGP4,2019-02-24 22:17:21.303456,2.00556917,0.00807730,53.8225,253.0639,32.8557,327.6542,0,U,38833,999,4679,0.00000000000000,0.00000033,0.0000000000000,26560.938,718.000,20397.343,19968.262,PAYLOAD,LARGE,US,2012-10-04,AFETR,,2416174,126955464,0 NAVSTAR 67 (USA 239),1 38833U 12053A   19055.92871879  .00000033  00000-0  00000+0 0  9992,2 38833  53.8225 253.0639 0080773  32.8557 327.6542  2.00556917 46795
3.0,GENERATED VIA SPACE-TRACK.ORG API,2019-02-25T03:54:51,18 SPCS,SES 5,2012-036A,EARTH,TEME,UTC,SGP4,2019-02-24 22:31:15.123936,1.00272365,0.00019300,0.0207,129.2285,215.9412,152.0972,0,U,38652,999,1774,0.00000000000000,0.00000013,0.0000000000000,42164.569,1436.088,35794.572,35778.296,PAYLOAD,LARGE,SES,2012-07-09,TTMTR,,2415839,126946418,0 SES 5,1 38652U 12036A   19055.93836949 +.00000013 +00000-0 +00000-0 0  9991,2 38652 000.0207 129.2285 0001930 215.9412 152.0972 01.00272365017742
3.0,GENERATED VIA SPACE-TRACK.ORG API,2019-02-25T03:54:51,18 SPCS,EUTELSAT 117W B,2016-038B,EARTH,TEME,UTC,SGP4,2019-02-24 22:54:07.389216,1.00272653,0.00004070,0.0097,277.5161,331.3878,132.1393,0,U,41589,999,991,0.00000000000000,-0.00000032,0.0000000000000,42164.488,1436.084,35788.069,35784.637,PAYLOAD,LARGE,EUTE,2016-06-15,AFETR,,2415839,126947299,0 EUTELSAT 117W B,1 41589U 16038B   19055.95425219 -.00000032 +00000-0 +00000-0 0  9998,2 41589 000.0097 277.5161 0000407 331.3878 132.1393 01.00272653009915
3.0,GENERATED VIA SPACE-TRACK.ORG API,2019-02-25T03:54:51,18 SPCS,BEIDOU IGSO-7,2018-057A,EARTH,TEME,UTC,SGP4,2019-02-24 22:56:00.574080,1.00262450,0.00218590,55.0415,186.6594,180.2406,244.0505,0,U,43539,999,239,0.00000000000000,-0.00000136,0.0000000000000,42167.349,1436.230,35881.387,35697.040,PAYLOAD,LARGE,PRC,2018-07-09,XSC,,2415839,126948059,0 BEIDOU IGSO-7,1 43539U 18057A   19055.95556220 -.00000136 +00000-0 +00000-0 0  9990,2 43539 055.0415 186.6594 0021859 180.2406 244.0505 01.00262450002395
3.0,GENERATED VIA SPACE-TRACK.ORG API,2019-02-25T03:54:51,18 SPCS,COSMOS 2514 (GLONASS),2016-008A,EARTH,TEME,UTC,SGP4,2019-02-24 22:59:45.838752,2.13103181,0.00108230,65.3286,43.6504,230.7675,357.3531,0,U,41330,999,2373,0.00000000000000,-0.00000030,0.0000000000000,25507.930,675.729,19157.402,19102.187,PAYLOAD,LARGE,CIS,2016-02-07,PKMTR,,2415839,126947206,0 COSMOS 2514 (GLONASS),1 41330U 16008A   19055.95816943 -.00000030 +00000-0 +00000-0 0  9995,2 41330 065.3286 043.6504 0010823 230.7675 357.3531 02.13103181023731
3.0,GENERATED VIA SPACE-TRACK.ORG API,2019-02-25T06:30:18,18 SPCS,IRNSS 1G,2016-027A,EARTH,TEME,UTC,SGP4,2019-02-24 23:08:26.604384,1.00266888,0.00039270,2.9788,247.3378,178.6940,205.0974,0,U,41469,999,1042,0.00000000000000,-0.00000357,0.0000000000000,42166.104,1436.167,35804.528,35771.411,PAYLOAD,LARGE,IND,2016-04-28,SRI,,2415962,126951243,0 IRNSS 1G,1 41469U 16027A   19055.96419681 -.00000357  00000-0  00000+0 0  9999,2 41469   2.9788 247.3378 0003927 178.6940 205.0974  1.00266888 10423
3.0,GENERATED VIA SPACE-TRACK.ORG API,2019-02-25T16:12:14,18 SPCS,NAVSTAR 76 (USA 266),2016-007A,EARTH,TEME,UTC,SGP4,2019-02-24 23:23:27.492000,2.00553377,0.00275510,54.8243,195.4352,214.7235,145.0623,0,U,41328,999,2235,0.00000000000000,0.00000031,0.0000000000000,26561.250,718.013,20256.294,20109.936,PAYLOAD,LARGE,US,2016-02-05,AFETR,,2416174,126955473,0 NAVSTAR 76 (USA 266),1 41328U 16007A   19055.97462375  .00000031  00000-0  00000+0 0  9998,2 41328  54.8243 195.4352 0027551 214.7235 145.0623  2.00553377 22354
3.0,GENERATED VIA SPACE-TRACK.ORG API,2019-02-25T06:24:18,18 SPCS,BEIDOU 3M13,2018-072A,EARTH,TEME,UTC,SGP4,2019-02-24 23:34:07.440384,1.86231651,0.00057060,55.0036,152.0342,276.9968,195.7397,0,U,43622,999,294,0.00000000000000,-0.00000023,0.0000000000000,27906.123,773.230,21543.911,21512.065,PAYLOAD,,PRC,2018-09-19,XSC,,2415925,126950319,0 BEIDOU 3M13,1 43622U 18072A   19055.98203056 -.00000023  00000-0  00000+0 0  9993,2 43622  55.0036 152.0342 0005706 276.9968 195.7397  1.86231651  2949
3.0,GENERATED VIA SPACE-TRACK.ORG API,2019-02-25T14:30:18,18 SPCS,GALILEO 21 (2C7),2017-079C,EARTH,TEME,UTC,SGP4,2019-02-24 23:35:47.487264,1.70473683,0.00024520,56.6470,294.9031,305.4936,54.5368,0,U,43057,999,748,0.00000000000000,-0.00000026,0.0000000000000,29600.356,844.705,23229.479,23214.963,PAYLOAD,LARGE,ESA,2017-12-12,FRGUI,,2416118,126954300,0 GALILEO 21 (2C7),1 43057U 17079C   19055.98318851 -.00000026  00000-0  00000+0 0  9994,2 43057  56.6470 294.9031 0002452 305.4936  54.5368  1.70473683  7489
3.0,GENERATED VIA SPACE-TRACK.ORG API,2019-02-25T03:54:51,18 SPCS,BEIDOU 9,2011-038A,EARTH,TEME,UTC,SGP4,2019-02-24 23:36:28.610208,1.00270975,0.00579750,54.4437,189.9174,220.8006,194.0038,0,U,37763,999,2788,0.00010000000000,-0.00000087,0.0000000000000,42164.959,1436.108,36031.275,35542.372,PAYLOAD,LARGE,PRC,2011-07-26,XSC,,2415839,126946193,0 BEIDOU 9,1 37763U 11038A   19055.98366447 -.00000087 +00000-0 +10000-3 0  9996,2 37763 054.4437 189.9174 0057975 220.8006 194.0038 01.00270975027886
3.0,GENERATED VIA SPACE-TRACK.ORG API,2019-02-25T03:54:51,18 SPCS,BEIDOU 5,2010-036A,EARTH,TEME,UTC,SGP4,2019-02-24 23:42:36.915264,1.00298664,0.00764530,54.1512,187.5120,232.6574,206.0995,0,U,36828,999,3145,0.00010000000000,-0.00000144,0.0000000000000,42157.198,1435.712,36101.367,35456.759,PAYLOAD,LARGE,PRC,2010-07-31,XSC,,2415839,126946006,0 BEIDOU 5,1 36828U 10036A   19055.98792726 -.00000144 +00000-0 +10000-3 0  9991,2 36828 054.1512 187.5120 0076453 232.6574 206.0995 01.00298664031455
3.0,GENERATED VIA SPACE-TRACK.ORG API,2019-02-25T16:12:14,18 SPCS,NAVSTAR 54 (USA 177),2004-009A,EARTH,TEME,UTC,SGP4,2019-02-25 00:26:20.841792,2.00569849,0.00918440,56.2489,21.5484,76.8770,297.0103,0,U,28190,999,10944,0.00000000000000,-0.00000078,0.0000000000000,26559.796,717.954,20425.597,19937.725,PAYLOAD,LARGE,US,2004-03-20,AFETR,,2416178,126955558,0 NAVSTAR 54 (USA 177),1 28190U 04009A   19056.01829678 -.00000078  00000-0  00000+0 0  9990,2 28190  56.2489  21.5484 0091844  76.8770 297.0103  2.00569849109444
3.0,GENERATED VIA SPACE-TRACK.ORG API,2019-02-25T06:30:18,18 SPCS,BEIDOU 8,2011-013A,EARTH,TEME,UTC,SGP4,2019-02-25 00:31:18.583104,1.00288349,0.00414320,58.6275,66.5037,208.7565,6.2125,0,U,37384,999,2891,0.00010000000000,-0.00000175,0.0000000000000,42160.089,1435.859,35956.631,35607.276,PAYLOAD,LARGE,PRC,2011-04-09,XSC,,2415941,126950713,0 BEIDOU 8,1 37384U 11013A   19056.02174286 -.00000175  00000-0  10000-3 0  9990,2 37384  58.6275  66.5037 0041432 208.7565   6.2125  1.00288349 28915
3.0,GENERATED VIA SPACE-TRACK.ORG API,2019-02-25T16:12:14,18 SPCS,NAVSTAR 59 (USA 192),2006-052A,EARTH,TEME,UTC,SGP4,2019-02-25 00:33:44.109216,2.00561642,0.00728880,56.3710,319.6784,58.5418,302.2086,0,U,29601,999,8992,0.00000000000000,-0.00000076,0.0000000000000,26560.521,717.983,20375.980,19988.791,PAYLOAD,LARGE,US,2006-11-17,AFETR,,2416178,126955563,0 NAVSTAR 59 (USA 192),1 29601U 06052A   19056.02342719 -.00000076  00000-0  00000+0 0  9993,2 29601  56.3710 319.6784 0072888  58.5418 302.2086  2.00561642 89929
3.0,GENERATED VIA SPACE-TRACK.ORG API,2019-02-25T07:42:13,18 SPCS,BEIDOU 3M8,2018-029B,EARTH,TEME,UTC,SGP4,2019-02-25 00:36:47.734272,1.86232756,0.00061080,55.1706,31.8454,315.6161,261.8002,0,U,43246,999,617,0.00010000000000,-0.00000077,0.0000000000000,27906.013,773.225,21544.923,21510.833,PAYLOAD,LARGE,PRC,2018-03-29,XSC,,2416005,126951789,0 BEIDOU 3M8,1 43246U 18029B   19056.02555248 -.00000077  00000-0  10000-3 0  9990,2 43246  55.1706  31.8454 0006108 315.6161 261.8002  1.86232756  6171
