Satellite,NORAD ID,Constellation,Generation,Observations
GPS BIIA-10,20959,GPS,IIA,26/11/1990 - 25/01/2016
GPS BIIA-11,21552,GPS,IIA,4/07/1991 - 30/9/2011
GPS BIIA-12,21890,GPS,IIA,23/02/1992 - 18/12/2009
GPS BIIA-13,21930,GPS,IIA,10/04/1992 - 15/08/1997
GPS BIIA-14,22014,GPS,IIA,7/07/1992 - 6/01/2015
GPS BIIA-15,22108,GPS,IIA,9/09/1992 - 10/08/2011
GPS BIIA-16,22231,GPS,IIA,22/11/1992 - 17/03/2008
GPS BIIA-17,22275,GPS,IIA,18/12/1992 - 23/10/2007
GPS BIIA-18,22446,GPS,IIA,3/02/1993 - 3/12/2002
GPS BIIA-19,22581,GPS,IIA,30/03/1993 - 24/10/2005
GPS BIIA-20,22657,GPS,IIA,13/05/1993 - 18/03/2016
GPS BIIA-21,22700,GPS,IIA,26/06/1993 - 19/05/2014
GPS BIIA-22,22779,GPS,IIA,30/08/1993 - 1/05/2013
GPS BIIA-23,22877,GPS,IIA,26/10/1993 - 11/2015 and 3/2018 - 9/10/2019
GPS BIIA-24,23027,GPS,IIA,10/03/1994 - 21/02/2014
GPS BIIA-25,23833,GPS,IIA,28/03/1996 - 2/08/2014
GPS BIIA-26,23953,GPS,IIA,16/07/1996 - 11/03/2016
GPS BIIA-27,24320,GPS,IIA,12/09/1996 - 20/07/2011
GPS BIIA-28,25030,GPS,IIA,6/11/1997 - 30/10/2014
GPS-BIIR-2,24876,GPS,IIR,23/07/1997 - 24/04/2026
GPS-BIIR-3,25933,GPS,IIR,7/10/1999 - 10/11/2020
GPS-BIIR-4,26360,GPS,IIR,11/05/2000 - 8/01/2026
GPS-BIIR-5,26407,GPS,IIR,16/07/2000 - 
GPS-BIIR-6,26605,GPS,IIR,10/10/2000 - 9/7/2020 and 20/01/2022 - 25/01/2023
GPS-BIIR-7,26690,GPS,IIR,30/01/2001 - 5/03/2018
GPS-BIIR-8,27663,GPS,IIR,29/01/2003 - 
GPS-BIIR-9,27704,GPS,IIR,31/03/2003 - 27/01/2025
GPS-BIIR-10,28129,GPS,IIR,21/12/2003 - 18/01/2022
GPS-BIIR-11,28190,GPS,IIR,20/03/2004 - 
GPS-BIIR-12,28361,GPS,IIR,23/06/2004 - 2/03/2020
GPS-BIIR-13,28474,GPS,IIR,6/11/2004 - 
GPS-BIIRM-1,28874,GPS,IIRM,26/09/2005 - (M-(D+P) and L2C(M+L) signals were turned on-off continually)
GPS-BIIRM-2,29486,GPS,IIRM,25/09/2006 - 
GPS-BIIRM-3,29601,GPS,IIRM,17/11/2006 - 
GPS-BIIRM-4,32260,GPS,IIRM,17/10/2007 - 
GPS-BIIRM-5,32384,GPS,IIRM,20/12/2007 - 
GPS-BIIRM-6,32711,GPS,IIRM,15/03/2008 - 
GPS-BIIRM-7,34661,GPS,IIRM,24/03/2009 - 06/05/2011 (with L5) and 27/10/2022 - (without L5)
GPS-BIIRM-8,35752,GPS,IIRM,17/08/2009 - 
GPS-BIIF-1,36585,GPS,IIF,28/05/2010 - 
GPS-BIIF-2,37753,GPS,IIF,16/07/2011 - 10/08/2023
GPS-BIIF-3,38833,GPS,IIF,4/10/2012 - 
GPS-BIIF-4,39166,GPS,IIF,15/05/2013 - 
GPS-BIIF-5,39533,GPS,IIF,21/02/2014 - 
GPS-BIIF-6,39741,GPS,IIF,17/05/2014 - 
GPS-BIIF-7,40105,GPS,IIF,02/08/2014 - 
GPS-BIIF-8,40294,GPS,IIF,29/10/2014 - 
GPS-BIIF-9,40534,GPS,IIF,25/03/2015 - 
GPS-BIIF-10,40730,GPS,IIF,15/07/2015 - 
GPS-BIIF-11,41019,GPS,IIF,31/10/2015 - 
GPS-BIIF-12,41328,GPS,IIF,5/02/2016 - 
GPS BIII-1,43873,GPS,III,23/12/2018 - (but started operating on 01/2020)
GPS BIII-2,44506,GPS,III,22/08/2019 - 
GPS BIII-3,45854,GPS,III,30/06/2020 - 
GPS BIII-4,46826,GPS,III,5/11/2020 - 
GPS BIII-5,48859,GPS,III,17/06/2021 - 
GPS BIII-6,55268,GPS,III,18/01/2023 - 
GPS BIII-7,62339,GPS,III,17/12/2024 - 
GPS BIII-8,64202,GPS,III,30/05/2025 - 
GPS BIII-9,67588,GPS,III,28/01/2026 - 
GPS BIII-10,68791,GPS,III,21/04/2026 - 
COSMOS 2404,28112,GLONASS,M,10/12/2003 - 18/06/2009
COSMOS 2413,28509,GLONASS,M,26/12/2004 - 22/11/2012
COSMOS 2419,28915,GLONASS,M,25/12/2005 - 24/02/2016
COSMOS 2418,28916,GLONASS,M,25/12/2005 - 2/11/2009
COSMOS 2425,29670,GLONASS,M,25/12/2006 - 20/07/2021
COSMOS 2426,29671,GLONASS,M,25/12/2006 - 1/08/2019
COSMOS 2424,29672,GLONASS,M,25/12/2006 - 26/07/2017
COSMOS 2433,32275,GLONASS,M,26/10/2007 - 
COSMOS 2432,32276,GLONASS,M,26/10/2007 - 
COSMOS 2431,32277,GLONASS,M,26/10/2007 - 29/11/2010
COSMOS 2434,32393,GLONASS,M,25/12/2007 - 
COSMOS 2435,32394,GLONASS,M,25/12/2007 - 12/10/2011
COSMOS 2436,32395,GLONASS,M,25/12/2007 - (without L2 signal)
COSMOS 2442,33378,GLONASS,M,25/09/2008 - 12/02/2014
COSMOS 2443,33379,GLONASS,M,25/09/2008 - 8/07/2016
COSMOS 2444,33380,GLONASS,M,25/09/2008 - 28/11/2012
COSMOS 2447,33466,GLONASS,M,25/12/2008 - 28/11/2012
COSMOS 2449,33467,GLONASS,M,25/12/2008 - 9/09/2012
COSMOS 2448,33468,GLONASS,M,25/12/2008 - 16/10/2013
COSMOS 2456,36111,GLONASS,M,14/12/2009 - 
COSMOS 2457,36112,GLONASS,M,14/12/2009 - 25/12/2025
COSMOS 2458,36113,GLONASS,M,14/12/2009 - 6/08/2018
COSMOS 2459,36400,GLONASS,M,1/03/2010 - 10/03/2021
COSMOS 2461,36401,GLONASS,M,1/03/2010 - 10/11/2022
COSMOS 2460,36402,GLONASS,M,1/03/2010 - (without L2 signal)
COSMOS 2464,37139,GLONASS,M,2/09/2010 - 3/12/2022
COSMOS 2465,37140,GLONASS,M,2/09/2010 - 21/11/2016
COSMOS 2466,37141,GLONASS,M,2/09/2010 - 15/12/2016
COSMOS 2474,37829,GLONASS,M,2/10/2011 - 26/08/2019
COSMOS 2476,37867,GLONASS,M,4/11/2011 - (in maintenance since the 2020s)
COSMOS 2477,37868,GLONASS,M,4/11/2011 - 
COSMOS 2475,37869,GLONASS,M,4/11/2011 - 
COSMOS 2478,37938,GLONASS,M,28/11/2011 - 13/04/2015
COSMOS 2485,39155,GLONASS,M,26/04/2013 - 
COSMOS 2492,39620,GLONASS,M,23/03/2014 - 
COSMOS 2500,40001,GLONASS,M+,14/07/2014 - 
COSMOS 2514,41330,GLONASS,M+,7/02/2016 - 
COSMOS 2516,41554,GLONASS,M+,29/05/2016 - 11/2020
COSMOS 2522,42939,GLONASS,M+,22/09/2017 - 
COSMOS 2527,43508,GLONASS,M+,17/06/2018 - 
COSMOS 2529,43687,GLONASS,M+,3/11/2018 - 
COSMOS 2534,44299,GLONASS,M+,27/05/2019 - 
COSMOS 2544,44850,GLONASS,M+,11/12/2019 - 
COSMOS 2545,45358,GLONASS,M+,16/03/2020 - 
COSMOS 2564,54377,GLONASS,M+,28/11/2022 - 
COSMOS 2471,37372,GLONASS,K1,26/02/2011 - 12/11/2021
COSMOS 2501,40315,GLONASS,K1,30/11/2014 - 
COSMOS 2547,46805,GLONASS,K1+,25/10/2020 - 
COSMOS 2557,52984,GLONASS,K1+,7/07/2022 - 
COSMOS 2559,54031,GLONASS,K1+,10/10/2022 - 
COSMOS 2595,65590,GLONASS,K1+,13/09/2025 - 
COSMOS 2569,57517,GLONASS,K2,7/08/2023 - (currently a spare)
COSMOS 2584,63130,GLONASS,K2,2/03/2025 - 
GSAT0101,37846,GALILEO,IOV,21/10/2011 - 
GSAT0102,37847,GALILEO,IOV,21/10/2011 - 
GSAT0103,38857,GALILEO,IOV,12/10/2012 - 
GSAT0104,38858,GALILEO,IOV,12/10/2012 - 16/04/2025 (with E5 signals turned off and the rest impacted)
GSAT0201,40128,GALILEO,FOC,22/08/2014 - 18/02/2021
GSAT0202,40129,GALILEO,FOC,22/08/2014 - 18/02/2021
GSAT0203,40544,GALILEO,FOC,27/03/2015 - 
GSAT0204,40545,GALILEO,FOC,27/03/2015 - 8/12/2017 (removed from active service but could still be transmitting)
GSAT0205,40889,GALILEO,FOC,11/09/2015 - 15/12/2025
GSAT0206,40890,GALILEO,FOC,11/09/2015 - 
GSAT0207,41174,GALILEO,FOC,17/12/2015 - 
GSAT0208,41175,GALILEO,FOC,17/12/2015 - 
GSAT0209,41549,GALILEO,FOC,24/05/2016 - 30/04/2023
GSAT0210,41550,GALILEO,FOC,24/05/2016 - 
GSAT0211,41859,GALILEO,FOC,17/11/2016 - 
GSAT0212,41860,GALILEO,FOC,17/11/2016 - 
GSAT0213,41861,GALILEO,FOC,17/11/2016 - 
GSAT0214,41862,GALILEO,FOC,17/11/2016 - 
GSAT0215,43055,GALILEO,FOC,12/12/2017 - 
GSAT0216,43056,GALILEO,FOC,12/12/2017 - 
GSAT0217,43057,GALILEO,FOC,12/12/2017 - 
GSAT0218,43058,GALILEO,FOC,12/12/2017 - 
GSAT0219,43564,GALILEO,FOC,25/07/2018 - 
GSAT0220,43565,GALILEO,FOC,25/07/2018 - 
GSAT0221,43566,GALILEO,FOC,25/07/2018 - 
GSAT0222,43567,GALILEO,FOC,25/07/2018 - 
GSAT0223,49809,GALILEO,FOC,5/12/2021 - 
GSAT0224,49810,GALILEO,FOC,5/12/2021 - 
GSAT0225,59598,GALILEO,FOC,28/04/2024 - 
GSAT0226,59600,GALILEO,FOC,28/04/2024 - 
GSAT0227,61182,GALILEO,FOC,17/09/2024 - 
GSAT0228,61183,GALILEO,FOC,17/09/2024 - 
GSAT0229,67160,GALILEO,FOC,17/12/2025 - 
GSAT0230,67162,GALILEO,FOC,17/12/2025 - (under commisioning)
BEIDOU-2 M1,31115,BEIDOU,BDS-2,13/04/2007 - 2017
BEIDOU-2 G2,34779,BEIDOU,BDS-2,14/04/2009 - 01/2022 (but inactive for years before)
BEIDOU-2 G1,36287,BEIDOU,BDS-2,16/01/2010 - 31/03/2020
BEIDOU-2 G3,36590,BEIDOU,BDS-2,2/06/2010 - 29/09/2018
BEIDOU-2 IGSO-1,36828,BEIDOU,BDS-2,31/08/2010 - 
BEIDOU-2 G4,37210,BEIDOU,BDS-2,31/10/2010 - 
BEIDOU-2 IGSO-2,37256,BEIDOU,BDS-2,17/12/2010 - 
BEIDOU-2 IGSO-3,37384,BEIDOU,BDS-2,9/04/2011 - 
BEIDOU-2 IGSO-4,37763,BEIDOU,BDS-2,26/07/2011 - 
BEIDOU-2 IGSO-5,37948,BEIDOU,BDS-2,1/12/2011 - 
BEIDOU-2 G5,38091,BEIDOU,BDS-2,24/02/2012 - 
BEIDOU-2 M3,38250,BEIDOU,BDS-2,29/04/2012 - 
BEIDOU-2 M4,38251,BEIDOU,BDS-2,29/04/2012 - 
BEIDOU-2 M5,38774,BEIDOU,BDS-2,18/09/2012 - 21/10/2014
BEIDOU-2 M6,38775,BEIDOU,BDS-2,18/09/2012 - 
BEIDOU-2 G6,38953,BEIDOU,BDS-2,25/10/2012 - 
BEIDOU-2 IGSO-6,41434,BEIDOU,BDS-2,29/03/2016 - 
BEIDOU-2 G7,41586,BEIDOU,BDS-2,12/07/2016 - 
BEIDOU-2 IGSO-7,43539,BEIDOU,BDS-2,9/07/2018 - 
BEIDOU-2 G8,44231,BEIDOU,BDS-2,17/05/2019 - 
BEIDOU-3S IGSO-1S,40549,BEIDOU,BDS-3,30/03/2015 - (experimental but active)
BEIDOU-3S M1S,40748,BEIDOU,BDS-3,25/07/2015 - (experimental but active)
BEIDOU-3S M2S,40749,BEIDOU,BDS-3,25/07/2015 - (experimental but active)
BEIDOU-3S IGSO-2S,40938,BEIDOU,BDS-3,29/09/2015 - (experimental but active)
BEIDOU-3S M3S,41315,BEIDOU,BDS-3,1/02/2016 - (probably became inactive early in its life)
BEIDOU-3 M1,43001,BEIDOU,BDS-3,5/11/2017 - 
BEIDOU-3 M2,43002,BEIDOU,BDS-3,5/11/2017 - 
BEIDOU-3 M3,43107,BEIDOU,BDS-3,11/01/2018 - 
BEIDOU-3 M4,43108,BEIDOU,BDS-3,11/01/2018 - 
BEIDOU-3 M5,43207,BEIDOU,BDS-3,12/02/2018 - 
BEIDOU-3 M6,43208,BEIDOU,BDS-3,12/02/2018 - 
BEIDOU-3 M7,43245,BEIDOU,BDS-3,29/03/2018 - 
BEIDOU-3 M8,43246,BEIDOU,BDS-3,29/03/2018 - 
BEIDOU-3 M9,43581,BEIDOU,BDS-3,29/07/2018 - 
BEIDOU-3 M10,43582,BEIDOU,BDS-3,29/07/2018 - 
BEIDOU-3 M11,43602,BEIDOU,BDS-3,24/08/2018 - 
BEIDOU-3 M12,43603,BEIDOU,BDS-3,24/08/2018 - 
BEIDOU-3 M13,43622,BEIDOU,BDS-3,19/09/2018 - 
BEIDOU-3 M14,43623,BEIDOU,BDS-3,19/09/2018 - 
BEIDOU-3 M15,43647,BEIDOU,BDS-3,15/10/2018 - 
BEIDOU-3 M16,43648,BEIDOU,BDS-3,15/10/2018 - 
BEIDOU-3 M17,43706,BEIDOU,BDS-3,18/11/2018 - 
BEIDOU-3 M18,43707,BEIDOU,BDS-3,18/11/2018 - 
BEIDOU-3 IGSO-1,44204,BEIDOU,BDS-3,20/04/2019 - 
BEIDOU-3 IGSO-2,44337,BEIDOU,BDS-3,24/07/2019 - 
BEIDOU-3 M23,44542,BEIDOU,BDS-3,22/09/2019 - 
BEIDOU-3 M24,44543,BEIDOU,BDS-3,22/09/2019 - 
BEIDOU-3 IGSO-3,44709,BEIDOU,BDS-3,4/11/2019 - 
BEIDOU-3 M21,44793,BEIDOU,BDS-3,23/11/2019 - 
BEIDOU-3 M22,44794,BEIDOU,BDS-3,23/11/2019 - 
BEIDOU-3 M19,44864,BEIDOU,BDS-3,16/12/2019 - 
BEIDOU-3 M20,44865,BEIDOU,BDS-3,16/12/2019 - 
BEIDOU-3 M28,58654,BEIDOU,BDS-3,26/12/2023 - 
BEIDOU-3 M26,58655,BEIDOU,BDS-3,26/12/2023 - 
BEIDOU-3 M25,61186,BEIDOU,BDS-3,19/09/2024 - 
BEIDOU-3 M27,61187,BEIDOU,BDS-3,19/09/2024 - 
BEIDOU-3 G1,43683,BEIDOU,BDS-3(GEO),1/11/2018 - 
BEIDOU-3 G2,45344,BEIDOU,BDS-3(GEO),9/03/2020 - 
BEIDOU-3 G3,45807,BEIDOU,BDS-3(GEO),23/07/2020 - 
BEIDOU-3 G4,56564,BEIDOU,BDS-3(GEO),17/05/2023 - 
QZS-1,37158,QZSS,I,11/10/2010 - 15/10/2023 (L1S and L6 were called L1-SAIF and LEX)
QZS-2,42738,QZSS,II,1/06/2017 - 
QZS-3,42917,QZSS,II,19/08/2017 - 
QZS-4,42965,QZSS,II,10/10/2017 - 
QZS-1R,49336,QZSS,II,27/10/2021 - 
QZS-6,62876,QZSS,II,2/02/2025 - 
IRNSS-1A,39199,IRNSS,IRNSS-1,1/07/2013 - (partial failure in 2017 but kept sending signals)
IRNSS-1B,39635,IRNSS,IRNSS-1,4/04/2014 - 
IRNSS-1C,40269,IRNSS,IRNSS-1,16/10/2014 - (partial failure around 2020s)
IRNSS-1D,40547,IRNSS,IRNSS-1,28/03/2015 - 2025
IRNSS-1E,41241,IRNSS,IRNSS-1,20/01/2016 - (partial failure around 2020s)
IRNSS-1F,41384,IRNSS,IRNSS-1,10/03/2016 - (partial failure in 2026)
IRNSS-1G,41469,IRNSS,IRNSS-1,28/04/2016 - (partial failure around 2020s)
IRNSS-1I,43286,IRNSS,IRNSS-1,12/04/2018 - 
NVS-01,56759,IRNSS,NVS,29/05/2023 - 
NVS-02,62850,IRNSS,NVS,29/01/2025 - (highly irregular orbit)
EGNOS: Inmarsat-3 F2,24307,SBAS,I,2006 - 1/01/2019
MSAS: MTSAT-1R,28622,SBAS,I,28/06/2005 - 12/2015
EGNOS: Inmarsat-4 F2,28899,SBAS,I,2015 - 
MSAS: MTSAT-2,28937,SBAS,I,1/07/2010 - 03/2020
WAAS: Inmarsat-4 F3,33278,SBAS,I,11/2010 - 9/11/2017
SDCM: Luch-5A,37951,SBAS,I,11/12/2011 - (unused)
SDCM: Luch-5B,38977,SBAS,I,3/11/2012 - 
SDCM: Luch-5V,39727,SBAS,I,28/04/2014 - 
WAAS: Anik F1R,28868,SBAS,II,07/2007 - 17/05/2022
WAAS: Galaxy 15,28884,SBAS,II,11/2006 - 25/07/2019
GAGAN: GSAT-8,37605,SBAS,II,2013 - 
EGNOS: SES-5,38652,SBAS,II,2015 - 
GAGAN: GSAT-10,38779,SBAS,II,2015 - 
EGNOS: Astra 5B,39617,SBAS,II,2015 - 5/09/2025
GAGAN: GSAT-15,41028,SBAS,II,2016 - 
WAAS: Eutelsat 117W B,41589,SBAS,II,03/2018 - 
WAAS: SES-15,42709,SBAS,II,15/07/2019 - 
EGNOS: Eutelsat 5 West B,44624,SBAS,II,14/02/2020 - 
WAAS: Galaxy 30,46114,SBAS,II,26/04/2022 - 
